customer_id,company_name,product_id,product_name,uom,unit_price,modified,qty,total
959,"SAB General Supplies",2376,"Kusama - Ball Pein Hammer","1-1/2 lb",13.000,"2024-07-08 05:27:46",1,13.000
959,"SAB General Supplies",2396,"Kusama - Blacksmith Hammer Wooden Handle","2 lbs",7.500,"2024-07-08 05:27:42",1,7.500
959,"SAB General Supplies",2066,"Tricircle - Heavy Duty Brass Padlock","261 (20mm) (12 pcs/box)",3.000,"2024-07-08 05:26:45",1,3.000
959,"SAB General Supplies",2068,"Tricircle - Rectangle Brass Padlock","BX960 (60mm) (6 pcs/box)",17.000,"2024-07-08 05:26:40",1,17.000
959,"SAB General Supplies",2260,"Zinc Oil Can",1L,20.000,"2024-07-08 05:26:19",1,20.000
959,"SAB General Supplies",2375,"Skyer Axe with handle 600g"," ",6.800,"2024-07-08 05:25:19",1,6.800
959,"SAB General Supplies",2309,"Ratchet Die Stock No.62","1/2"" to 1-1/4""",90.000,"2024-07-08 05:24:52",1,90.000
959,"SAB General Supplies",2264,"PVC Knife Handle","Fish Head",1.200,"2024-07-08 05:24:47",1,1.200
959,"SAB General Supplies",2226,"Long Ball Point Hex Key Wrench","2-10mm (8 pcs) (silver)",23.000,"2024-07-08 05:24:42",1,23.000
959,"SAB General Supplies",2236,"Jack Plane","7""",16.000,"2024-07-08 05:23:36",1,16.000
959,"SAB General Supplies",2316,"Glue Gun",40w,6.800,"2024-07-08 05:23:27",1,6.800
959,"SAB General Supplies",2076,"Globe - Rectangular Brass Padlock","CL8260 (60mm) / pc",18.700,"2024-07-08 05:23:22",1,18.700
959,"SAB General Supplies",2306,"Farmers Own File","8""",7.000,"2024-07-08 05:22:03",1,7.000
959,"SAB General Supplies",2226,"Long Ball Point Hex Key Wrench","2-10mm (8 pcs) (silver)",23.000,"2024-07-08 05:20:57",1,23.000
959,"SAB General Supplies",2115,"Camry - Bathroom Scale EB7006","150 kg",55.000,"2024-07-08 05:19:28",1,55.000
959,"SAB General Supplies",2067,"Tricircle - Europe Type Brass Padlock","2650s (50mm) (6 pcs/box)",14.200,"2024-07-08 05:17:08",1,14.200
959,"SAB General Supplies",2066,"Tricircle - Heavy Duty Brass Padlock","261 (20mm) (12 pcs/box)",3.000,"2024-07-08 05:17:04",1,3.000
959,"SAB General Supplies",2068,"Tricircle - Rectangle Brass Padlock","BX960 (60mm) (6 pcs/box)",17.000,"2024-07-08 05:17:00",1,17.000
958,"KKB Construction Tools",2061,"Xtraseal - PVC Pipe Adhesive PS-200","100gm  / pc",3.400,"2024-07-08 05:11:28",1,3.400
958,"KKB Construction Tools",2136,"Safety Jogger - safety glove (All Flex) 4132","1 pair",7.000,"2024-07-08 05:09:52",1,7.000
958,"KKB Construction Tools",2065,"Sunlon - Diameter Tape","20m F 2001D",33.000,"2024-07-08 05:08:21",1,33.000
958,"KKB Construction Tools",2063,"Sunlon - Fiberglass Tape (Open Reel)","30m/100"" x 13mm (FG3001)",54.000,"2024-07-08 05:08:08",1,54.000
958,"KKB Construction Tools",2064,"Sunlon - Fiberglass Tape (Closed Reel)","30m/100"" x 13mm (F3001)",52.000,"2024-07-08 05:08:03",1,52.000
958,"KKB Construction Tools",2062,"Sunlon - Measuring Tape (ABS)","3.6m / 12"" x 13mm (WDA3613)  / pc",4.600,"2024-07-08 05:07:59",1,4.600
958,"KKB Construction Tools",2161,"Max - Electric Planner 600w (P82A)"," ",165.000,"2024-07-08 05:07:03",1,165.000
958,"KKB Construction Tools",2406,"Max - Circular Saw 1100w 185mm (C1851)",,170.000,"2024-07-08 05:06:59",1,170.000
958,"KKB Construction Tools",2160,"Max - Blower 600w (JB40)"," ",105.000,"2024-07-08 05:06:54",1,105.000
958,"KKB Construction Tools",2162,"Intop - Jigsaw 550w"," ",133.000,"2024-07-08 05:04:32",1,133.000
958,"KKB Construction Tools",2167,"DCA - Electric Wrench 340w"," ",245.000,"2024-07-08 05:04:24",1,245.000
958,"KKB Construction Tools",2164,"DCA - Electric Hammer 800w"," ",580.000,"2024-07-08 05:04:19",1,580.000
958,"KKB Construction Tools",2165,"DCA - Electric Drill 500w"," ",115.000,"2024-07-08 05:04:15",1,115.000
958,"KKB Construction Tools",2166,"DCA - Belt Sander 550w"," ",185.000,"2024-07-08 05:04:11",1,185.000
958,"KKB Construction Tools",2347,"Car Creeper ST036-A 40"""," ",120.000,"2024-07-08 05:03:01",1,120.000
958,"KKB Construction Tools",2162,"Intop - Jigsaw 550w"," ",133.000,"2024-07-08 05:00:22",1,133.000
958,"KKB Construction Tools",2336,"Goat Hair Vanish Brush","4cm / dozen",12.000,"2024-07-08 05:00:18",1,12.000
958,"KKB Construction Tools",2167,"DCA - Electric Wrench 340w"," ",245.000,"2024-07-08 04:59:08",1,245.000
958,"KKB Construction Tools",2164,"DCA - Electric Hammer 800w"," ",580.000,"2024-07-08 04:59:03",1,580.000
958,"KKB Construction Tools",2165,"DCA - Electric Drill 500w"," ",115.000,"2024-07-08 04:58:59",1,115.000
958,"KKB Construction Tools",2166,"DCA - Belt Sander 550w"," ",185.000,"2024-07-08 04:58:54",1,185.000
958,"KKB Construction Tools",2308,"Angled Paint Brush 1106","1"" / dozen",13.200,"2024-07-08 04:58:50",1,13.200
961,"SAR Industrial Hardware",2233,"Electric Blower","2-1/2""",230.000,"2024-07-08 00:40:21",2,460.000
960,"KCH Agricultural Tools",2096,"TCT - PE-Mulch Film","1.2m x 400m (Silver Black) / roll",214.000,"2024-07-07 23:59:05",2,428.000
960,"KCH Agricultural Tools",2293,"Kusama - Hedge Shear","S806 (10"")",16.000,"2024-07-07 23:49:53",2,32.000
957,"SAR Hardware Depot",2033,"Evacut - Masonry Drill 160mm/400mm","22mm S.F. 7/8""  x 160mm / pc",64.000,"2024-07-07 19:45:43",1,64.000
957,"SAR Hardware Depot",2126,"Kusama - HSS Taper Shank Twist Drill","9/16"" / pc",25.000,"2024-07-07 19:45:43",2,50.000
957,"SAR Hardware Depot",2326,"Glory-8 in 1 Ratchet Wrench","WH3602 8x10,12x13,14x17,19x21",48.000,"2024-07-07 19:42:59",5,240.000
957,"SAR Hardware Depot",2256,"Eastman - Crosswheel Spanner Chrome Plated","16mm x 14""  (17x19x21x1/2"")",21.000,"2024-07-07 19:42:39",1,21.000
957,"SAR Hardware Depot",2316,"Glue Gun",40w,6.800,"2024-07-07 19:42:39",1,6.800
957,"SAR Hardware Depot",2376,"Kusama - Ball Pein Hammer","1-1/2 lb",13.000,"2024-07-07 19:42:39",1,13.000
957,"SAR Hardware Depot",2076,"Globe - Rectangular Brass Padlock","CL8270 (70mm) / pc",26.800,"2024-07-07 19:41:35",4,107.200
957,"SAR Hardware Depot",2078,"Globe - Brass Padlock - Weather Proof CL160D type","CL166D (60mm) / pc",28.200,"2024-07-07 19:41:35",4,112.800
957,"SAR Hardware Depot",2256,"Eastman - Crosswheel Spanner Chrome Plated","16mm x 14""  (17x19x21x1/2"")",20.000,"2024-07-07 19:41:30",5,100.000
957,"SAR Hardware Depot",2256,"Eastman - Crosswheel Spanner Chrome Plated","16mm x 14""  (17x19x21x1/2"")",20.000,"2024-07-07 19:40:39",5,100.000
957,"SAR Hardware Depot",2236,"Jack Plane","7""",15.500,"2024-07-07 19:39:26",1,15.500
957,"SAR Hardware Depot",2256,"Eastman - Crosswheel Spanner Chrome Plated","16mm x 14""  (17x19x21x1/2"")",21.000,"2024-07-07 19:39:23",1,21.000
957,"SAR Hardware Depot",2376,"Kusama - Ball Pein Hammer","1-1/2 lb",13.000,"2024-07-07 19:39:23",1,13.000
957,"SAR Hardware Depot",2376,"Kusama - Ball Pein Hammer","1-1/2 lb",13.000,"2024-07-07 19:18:04",1,13.000
957,"SAR Hardware Depot",2316,"Glue Gun",40w,6.800,"2024-07-07 19:18:04",1,6.800
957,"SAR Hardware Depot",2256,"Eastman - Crosswheel Spanner Chrome Plated","16mm x 14""  (17x19x21x1/2"")",21.000,"2024-07-07 19:18:04",1,21.000
957,"SAR Hardware Depot",2326,"Glory-8 in 1 Ratchet Wrench","WH3602 8x10,12x13,14x17,19x21",52.000,"2024-07-07 19:18:01",1,52.000
957,"SAR Hardware Depot",2236,"Jack Plane","7""",15.500,"2024-07-07 19:18:01",1,15.500
957,"SAR Hardware Depot",2165,"DCA - Electric Drill 500w"," ",110.000,"2024-07-07 19:17:34",1,110.000
957,"SAR Hardware Depot",2369,"Kusama - Claw Hammer with Fiber Handle",21mm,8.200,"2024-07-07 19:17:21",1,8.200
957,"SAR Hardware Depot",2369,"Kusama - Claw Hammer with Fiber Handle",21mm,8.200,"2024-07-07 19:15:48",1,8.200
957,"SAR Hardware Depot",2236,"Jack Plane","7""",15.500,"2024-07-07 19:11:39",1,15.500
957,"SAR Hardware Depot",2326,"Glory-8 in 1 Ratchet Wrench","WH3602 8x10,12x13,14x17,19x21",52.000,"2024-07-07 19:11:32",1,52.000
957,"SAR Hardware Depot",2256,"Eastman - Crosswheel Spanner Chrome Plated","16mm x 14""  (17x19x21x1/2"")",21.000,"2024-07-07 19:01:17",1,21.000
957,"SAR Hardware Depot",2316,"Glue Gun",40w,6.800,"2024-07-07 19:01:17",1,6.800
957,"SAR Hardware Depot",2376,"Kusama - Ball Pein Hammer","1-1/2 lb",13.000,"2024-07-07 19:01:17",1,13.000
956,"KCH Industrial Solutions",2376,"Kusama - Ball Pein Hammer","1-1/2 lb",13.000,"2024-07-07 18:57:42",1,13.000
956,"KCH Industrial Solutions",2376,"Kusama - Ball Pein Hammer","1-1/2 lb",13.000,"2024-07-07 18:57:42",1,13.000
956,"KCH Industrial Solutions",2316,"Glue Gun",40w,6.800,"2024-07-07 18:57:20",1,6.800
956,"KCH Industrial Solutions",2316,"Glue Gun",40w,6.800,"2024-07-07 18:57:20",1,6.800
956,"KCH Industrial Solutions",2274,"Foot Pump with meter","4""",10.000,"2024-07-07 18:57:07",1,10.000
956,"KCH Industrial Solutions",2274,"Foot Pump with meter","4""",10.000,"2024-07-07 18:57:07",1,10.000
956,"KCH Industrial Solutions",2256,"Eastman - Crosswheel Spanner Chrome Plated","16mm x 14""  (17x19x21x1/2"")",21.000,"2024-07-07 18:56:55",1,21.000
956,"KCH Industrial Solutions",2256,"Eastman - Crosswheel Spanner Chrome Plated","16mm x 14""  (17x19x21x1/2"")",21.000,"2024-07-07 18:56:55",1,21.000
956,"KCH Industrial Solutions",2318,"1/2 inch Ratchet Handle","40 teeth",9.800,"2024-07-07 18:56:32",1,9.800
956,"KCH Industrial Solutions",2318,"1/2 inch Ratchet Handle","40 teeth",9.800,"2024-07-07 18:56:32",1,9.800
956,"KCH Industrial Solutions",2253,"3 Jaw Gear Puller Chrome Plated","8""",39.500,"2024-07-07 18:56:25",1,39.500
956,"KCH Industrial Solutions",2253,"3 Jaw Gear Puller Chrome Plated","8""",39.500,"2024-07-07 18:56:25",1,39.500
956,"KCH Industrial Solutions",2100,"Plain Trolley","1 Ton / pc",160.000,"2024-07-07 17:44:19",1,160.000
956,"KCH Industrial Solutions",2276,"Sasama - Stainless Steel Cutting Wheel","105 x 1.0 x 16mm ",0.850,"2024-07-07 17:44:17",1,0.850
956,"KCH Industrial Solutions",2379,"Cable Joint","(Japan Type) 300A (blue)",14.000,"2024-07-07 17:43:55",1,14.000
956,"KCH Industrial Solutions",2017,"Tailin - Cut Off Wheel","4"" x 0.8mm x 9.53mm (A60T)  / pc",2.100,"2024-07-07 17:43:54",1,2.100
956,"KCH Industrial Solutions",2233,"Electric Blower","2-1/2""",230.000,"2024-07-07 17:43:50",2,460.000
956,"KCH Industrial Solutions",2343,"Facility Step Sealer","SH500 20""",420.000,"2024-07-07 17:43:48",1,420.000
956,"KCH Industrial Solutions",2279,"Asaki - Air Compressor","HDW1002 0.55Kw",520.000,"2024-07-07 17:43:44",1,520.000
956,"KCH Industrial Solutions",2342,"Hand Sealer","FS200 8""",96.000,"2024-07-07 17:43:22",1,96.000
956,"KCH Industrial Solutions",2165,"DCA - Electric Drill 500w"," ",110.000,"2024-07-07 17:40:37",1,110.000
956,"KCH Industrial Solutions",2330,"Claw Hammer 8 oz 23mm"," ",8.800,"2024-07-07 17:40:24",1,8.800
956,"KCH Industrial Solutions",2019,"Tailin - Offset Grinding Wheel","4 inches x 6mm x 16mm (A24S) Red  / pc",1.900,"2024-07-07 17:39:44",1,1.900
956,"KCH Industrial Solutions",2102,"Kusama - Lever Block (HSH-E)","3.0T x 1.5m",320.000,"2024-07-07 17:39:30",1,320.000
956,"KCH Industrial Solutions",2176,"Boky - Bench Grinder","MD-200 (8"") (1/2HP) 375w",195.000,"2024-07-07 17:38:39",1,195.000
962,"KKB Heavy Machinery",2022,"Tailin - Flap Disc Wheel","4 inches x 16mm (A80)  / pc",5.500,"2024-07-07 17:14:05",1,5.500
962,"KKB Heavy Machinery",2380,"Welder Mask","(Black) (Head type) with glasses",14.000,"2024-07-07 17:14:00",1,14.000
962,"KKB Heavy Machinery",2017,"Tailin - Cut Off Wheel","4"" x 0.8mm x 9.53mm (A60T)  / pc",2.100,"2024-07-07 17:13:55",1,2.100
962,"KKB Heavy Machinery",2101,"Kusama - Chain Block (HS-Z)","1.0T x 2.5m",117.000,"2024-07-07 17:13:50",1,117.000
962,"KKB Heavy Machinery",2177,"Boky - Cut-off Machine","16"" J3G-400HG (1 Phase) 3000w 240v",1110.000,"2024-07-07 17:12:37",1,1110.000
962,"KKB Heavy Machinery",2176,"Boky - Bench Grinder","MD-150 (6"") (1/3HP) 250w",135.000,"2024-07-07 17:12:32",1,135.000
962,"KKB Heavy Machinery",2344,"Bag Closer "," ",950.000,"2024-07-07 17:12:28",1,950.000
962,"KKB Heavy Machinery",2102,"Kusama - Lever Block (HSH-E)","0.75T x 1.5m",200.000,"2024-07-07 17:11:37",1,200.000
962,"KKB Heavy Machinery",2099,"Kusama - Lever Block (VL)","1.5T x 1.5m",265.000,"2024-07-07 17:11:31",1,265.000
962,"KKB Heavy Machinery",2100,"Plain Trolley","1 Ton / pc",165.000,"2024-07-07 17:11:26",1,165.000
962,"KKB Heavy Machinery",2284,"Pulley Block","3"" Single Wheel",26.500,"2024-07-07 17:11:22",1,26.500
962,"KKB Heavy Machinery",2102,"Kusama - Lever Block (HSH-E)","0.75T x 1.5m",200.000,"2024-07-07 17:10:12",1,200.000
962,"KKB Heavy Machinery",2098,"Kusama - Chain Block (VN)","1.0T x 2.5m",185.000,"2024-07-07 17:10:08",1,185.000
962,"KKB Heavy Machinery",2101,"Kusama - Chain Block (HS-Z)","0.5T x 2.5m",110.000,"2024-07-07 17:10:04",1,110.000
962,"KKB Heavy Machinery",2379,"Cable Joint","(Japan Type) 300A (blue)",14.000,"2024-07-07 17:08:35",1,14.000
962,"KKB Heavy Machinery",2019,"Tailin - Offset Grinding Wheel","4 inches x 6mm x 16mm (A24S) Red  / pc",2.000,"2024-07-07 17:08:18",1,2.000
962,"KKB Heavy Machinery",2395,"Tailin - Non-woven Wheel","4 inches x 16mm (C240)",10.000,"2024-07-07 17:08:13",1,10.000
962,"KKB Heavy Machinery",2021,"Tailin - Flexible Grinding Wheel","4 inches x 2mm (WA80) S.S.  / pc",2.200,"2024-07-07 17:08:09",1,2.200
962,"KKB Heavy Machinery",2022,"Tailin - Flap Disc Wheel","4 inches x 16mm (A60)  / pc",5.500,"2024-07-07 17:08:04",1,5.500
962,"KKB Heavy Machinery",2022,"Tailin - Flap Disc Wheel","4 inches x 16mm (A60)  / pc",5.500,"2024-07-07 17:07:08",1,5.500
962,"KKB Heavy Machinery",2276,"Sasama - Stainless Steel Cutting Wheel","105 x 1.0 x 16mm ",0.850,"2024-07-07 17:07:04",1,0.850
962,"KKB Heavy Machinery",2283,"Saw Blade","4 x 30T",10.000,"2024-07-07 17:07:00",1,10.000
962,"KKB Heavy Machinery",2033,"Evacut - Masonry Drill 160mm/400mm","22mm S.F. 7/8""  x 160mm / pc",64.000,"2024-07-07 17:06:13",1,64.000
962,"KKB Heavy Machinery",2023,"Evacut - HSS Jobber Drill (BLACK)","1.0mm  / pc",7.900,"2024-07-07 17:05:53",1,7.900
962,"KKB Heavy Machinery",2123,"Kusama - HSS Straight Shank Twist Drill (Black)","1/16"" / pc",0.600,"2024-07-07 17:05:46",1,0.600
962,"KKB Heavy Machinery",2380,"Welder Mask","(Black) (Head type) with glasses",14.000,"2024-07-07 17:05:27",1,14.000
962,"KKB Heavy Machinery",2379,"Cable Joint","(Japan Type) 300A (blue)",14.000,"2024-07-07 17:05:16",1,14.000
962,"KKB Heavy Machinery",2127,"Kusama - 13pcs Full Ground Drill Plastic Box","AF 1/16""-1/4"" / set",22.000,"2024-07-07 17:04:20",1,22.000
962,"KKB Heavy Machinery",2128,"Kusama - 29pcs Full Ground Drill Metal Box","AF 1/16"" - 1/2"" / set",165.000,"2024-07-07 17:04:13",1,165.000
962,"KKB Heavy Machinery",2123,"Kusama - HSS Straight Shank Twist Drill (Black)","1/16"" / pc",0.600,"2024-07-07 17:04:08",1,0.600
962,"KKB Heavy Machinery",2126,"Kusama - HSS Taper Shank Twist Drill","9/16"" / pc",25.000,"2024-07-07 17:04:02",1,25.000
962,"KKB Heavy Machinery",2125,"Kusama - Masonry Drill SF/2","5.0mm (3/16"") / pc",1.700,"2024-07-07 17:03:58",1,1.700
962,"KKB Heavy Machinery",2124,"Kusama - Reduced Shank Drill 1/2 inch","9/16"" / pc",24.500,"2024-07-07 17:03:53",1,24.500
962,"KKB Heavy Machinery",2031,"Evacut - HSS Metric & Fractional Drill Set NO.4M (12 sizes)","1-6.5 x 0.5mm  / set",139.950,"2024-07-07 17:02:50",1,139.950
962,"KKB Heavy Machinery",2030,"Evacut - HSS Metric & Fractional Drill Set NO.4 (13 sizes)","1/16"" - 1/4""  / set",139.950,"2024-07-07 17:02:45",1,139.950
962,"KKB Heavy Machinery",2028,"Evacut - HSS Metric & Fractional Drill Set E3M (25 sizes)","1- 13 x 0.5mm  / set",807.850,"2024-07-07 17:02:41",1,807.850
962,"KKB Heavy Machinery",2029,"Evacut - HSS Metric & Fractional Drill Set E3 (29 sizes)","1/16 - 1/2 x 64ths  / set",863.650,"2024-07-07 17:02:35",1,863.650
962,"KKB Heavy Machinery",2027,"Evacut - HSS Metric & Fractional Drill Set E2M (19 sizes)"," 1-10 x 0.5mm  / set",420.600,"2024-07-07 17:01:34",1,420.600
962,"KKB Heavy Machinery",2054,"Evacut - HSS Jobber Drill (SILVER)","1.0mm  / pc",8.350,"2024-07-07 17:01:30",1,8.350
962,"KKB Heavy Machinery",2023,"Evacut - HSS Jobber Drill (BLACK)","1.0mm  / pc",7.900,"2024-07-07 17:01:25",1,7.900
962,"KKB Heavy Machinery",2026,"Evacut - Cobalt Drill","7/64""  / pc",27.200,"2024-07-07 17:01:20",1,27.200
961,"SAR Industrial Hardware",2054,"Evacut - HSS Jobber Drill (SILVER)","1.0mm  / pc",8.350,"2024-07-07 16:51:38",1,8.350
961,"SAR Industrial Hardware",2342,"Hand Sealer","FS200 8""",96.000,"2024-07-07 16:51:32",1,96.000
961,"SAR Industrial Hardware",2374,"Hand Meat Mincer (big)",22#,60.000,"2024-07-07 16:51:26",1,60.000
961,"SAR Industrial Hardware",2126,"Kusama - HSS Taper Shank Twist Drill","9/16"" / pc",25.000,"2024-07-07 16:51:13",1,25.000
961,"SAR Industrial Hardware",2395,"Tailin - Non-woven Wheel","4 inches x 16mm (C240)",10.000,"2024-07-07 16:51:07",1,10.000
961,"SAR Industrial Hardware",2029,"Evacut - HSS Metric & Fractional Drill Set E3 (29 sizes)","1/16 - 1/2 x 64ths  / set",863.650,"2024-07-07 16:49:57",1,863.650
961,"SAR Industrial Hardware",2027,"Evacut - HSS Metric & Fractional Drill Set E2M (19 sizes)"," 1-10 x 0.5mm  / set",420.600,"2024-07-07 16:49:53",1,420.600
961,"SAR Industrial Hardware",2380,"Welder Mask","(Black) (Head type) with glasses",14.000,"2024-07-07 16:49:45",1,14.000
961,"SAR Industrial Hardware",2283,"Saw Blade","4 x 30T",10.000,"2024-07-07 16:49:38",1,10.000
961,"SAR Industrial Hardware",2024,"Evacut -1/2 Inch Reduced Shank Drill","13.5mm  / pc",142.100,"2024-07-07 16:49:29",1,142.100
961,"SAR Industrial Hardware",2026,"Evacut - Cobalt Drill","7/64""  / pc",27.200,"2024-07-07 16:49:23",1,27.200
961,"SAR Industrial Hardware",2128,"Kusama - 29pcs Full Ground Drill Metal Box","AF 1/16"" - 1/2"" / set",165.000,"2024-07-07 16:48:32",1,165.000
961,"SAR Industrial Hardware",2125,"Kusama - Masonry Drill SF/2","5.0mm (3/16"") / pc",1.700,"2024-07-07 16:48:26",1,1.700
961,"SAR Industrial Hardware",2030,"Evacut - HSS Metric & Fractional Drill Set NO.4 (13 sizes)","1/16"" - 1/4""  / set",139.950,"2024-07-07 16:48:15",1,139.950
961,"SAR Industrial Hardware",2027,"Evacut - HSS Metric & Fractional Drill Set E2M (19 sizes)"," 1-10 x 0.5mm  / set",420.600,"2024-07-07 16:48:10",1,420.600
961,"SAR Industrial Hardware",2374,"Hand Meat Mincer (big)",22#,60.000,"2024-07-07 16:47:14",1,60.000
961,"SAR Industrial Hardware",2379,"Cable Joint","(Japan Type) 300A (blue)",14.000,"2024-07-07 16:47:08",1,14.000
961,"SAR Industrial Hardware",2177,"Boky - Cut-off Machine","16"" J3G-400HG (1 Phase) 3000w 240v",1080.000,"2024-07-07 16:47:04",1,1080.000
961,"SAR Industrial Hardware",2017,"Tailin - Cut Off Wheel","4"" x 0.8mm x 9.53mm (A60T)  / pc",2.100,"2024-07-07 16:46:47",1,2.100
961,"SAR Industrial Hardware",2276,"Sasama - Stainless Steel Cutting Wheel","105 x 1.0 x 16mm ",0.850,"2024-07-07 16:45:47",1,0.850
961,"SAR Industrial Hardware",2395,"Tailin - Non-woven Wheel","4 inches x 16mm (C240)",10.000,"2024-07-07 16:45:40",1,10.000
961,"SAR Industrial Hardware",2100,"Plain Trolley","1 Ton / pc",160.000,"2024-07-07 16:45:35",1,160.000
961,"SAR Industrial Hardware",2098,"Kusama - Chain Block (VN)","1.0T x 2.5m",180.000,"2024-07-07 16:45:29",1,180.000
961,"SAR Industrial Hardware",2031,"Evacut - HSS Metric & Fractional Drill Set NO.4M (12 sizes)","1-6.5 x 0.5mm  / set",139.950,"2024-07-07 16:45:20",1,139.950
961,"SAR Industrial Hardware",2126,"Kusama - HSS Taper Shank Twist Drill","9/16"" / pc",25.000,"2024-07-07 16:44:00",1,25.000
961,"SAR Industrial Hardware",2123,"Kusama - HSS Straight Shank Twist Drill (Black)","1/16"" / pc",0.600,"2024-07-07 16:43:56",1,0.600
961,"SAR Industrial Hardware",2127,"Kusama - 13pcs Full Ground Drill Plastic Box","AF 1/16""-1/4"" / set",22.000,"2024-07-07 16:43:51",1,22.000
961,"SAR Industrial Hardware",2373,"Hand Meat Mincer (small)",8#,28.000,"2024-07-07 16:43:47",1,28.000
961,"SAR Industrial Hardware",2033,"Evacut - Masonry Drill 160mm/400mm","22mm S.F. 7/8""  x 160mm / pc",64.000,"2024-07-07 16:43:37",1,64.000
961,"SAR Industrial Hardware",2380,"Welder Mask","(Black) (Head type) with glasses",14.000,"2024-07-07 16:42:37",1,14.000
961,"SAR Industrial Hardware",2233,"Electric Blower","2-1/2""",230.000,"2024-07-07 16:42:03",1,230.000
961,"SAR Industrial Hardware",2279,"Asaki - Air Compressor","HDW1002 0.55Kw",520.000,"2024-07-07 16:41:58",1,520.000
961,"SAR Industrial Hardware",2176,"Boky - Bench Grinder","MD-150 (6"") (1/3HP) 250w",130.000,"2024-07-07 16:41:54",1,130.000
961,"SAR Industrial Hardware",2175,"Boky - Drill Press","ZJ4113 (1/3HP) 250w",280.000,"2024-07-07 16:41:49",1,280.000
961,"SAR Industrial Hardware",2346,"Semi-Auto Strapping Machine","XT-8022 (Open)",2340.000,"2024-07-07 16:41:43",1,2340.000
961,"SAR Industrial Hardware",2342,"Hand Sealer","FS200 8""",96.000,"2024-07-07 16:40:33",1,96.000
961,"SAR Industrial Hardware",2343,"Facility Step Sealer","SH500 20""",420.000,"2024-07-07 16:40:28",1,420.000
961,"SAR Industrial Hardware",2279,"Asaki - Air Compressor","HDW1002 0.55Kw",520.000,"2024-07-07 16:40:01",1,520.000
961,"SAR Industrial Hardware",2017,"Tailin - Cut Off Wheel","4"" x 0.8mm x 9.53mm (A60T)  / pc",2.100,"2024-07-07 16:38:49",1,2.100
961,"SAR Industrial Hardware",2100,"Plain Trolley","1 Ton / pc",160.000,"2024-07-07 16:38:44",1,160.000
961,"SAR Industrial Hardware",2283,"Saw Blade","4 x 30T",10.000,"2024-07-07 16:38:39",1,10.000
961,"SAR Industrial Hardware",2379,"Cable Joint","(Japan Type) 300A (blue)",14.000,"2024-07-07 16:38:33",1,14.000
956,"KCH Industrial Solutions",2031,"Evacut - HSS Metric & Fractional Drill Set NO.4M (12 sizes)","1-6.5 x 0.5mm  / set",139.950,"2024-07-07 16:37:01",1,139.950
956,"KCH Industrial Solutions",2019,"Tailin - Offset Grinding Wheel","4 inches x 6mm x 16mm (A24S) Red  / pc",1.900,"2024-07-07 16:37:01",1,1.900
956,"KCH Industrial Solutions",2412,"Kusama - 100mm Angle Grinder 750w (TD100P5)",,99.000,"2024-07-07 16:37:01",1,99.000
956,"KCH Industrial Solutions",2170,"Kusama - Electric Drill 450w (D104)"," ",76.000,"2024-07-07 16:37:01",1,76.000
956,"KCH Industrial Solutions",2022,"Tailin - Flap Disc Wheel","4 inches x 16mm (A60)  / pc",5.000,"2024-07-07 16:37:01",1,5.000
956,"KCH Industrial Solutions",2343,"Facility Step Sealer","SH500 20""",400.000,"2024-07-07 16:37:01",1,400.000
956,"KCH Industrial Solutions",2176,"Boky - Bench Grinder","MD-150 (6"") (1/3HP) 250w",120.000,"2024-07-07 16:37:01",1,120.000
956,"KCH Industrial Solutions",2379,"Cable Joint","(Japan Type) 300A (blue)",13.000,"2024-07-07 16:37:01",1,13.000
956,"KCH Industrial Solutions",2377,"Folding Platform Cart",SX300kg,280.000,"2024-07-07 16:37:01",1,280.000
961,"SAR Industrial Hardware",2023,"Evacut - HSS Jobber Drill (BLACK)","1.0mm  / pc",7.900,"2024-07-07 16:36:56",1,7.900
956,"KCH Industrial Solutions",2165,"DCA - Electric Drill 500w"," ",110.000,"2024-07-07 16:36:51",1,110.000
956,"KCH Industrial Solutions",2344,"Bag Closer "," ",950.000,"2024-07-07 16:36:51",1,950.000
956,"KCH Industrial Solutions",2175,"Boky - Drill Press","ZJQ4116K 450w",580.000,"2024-07-07 16:36:51",1,580.000
956,"KCH Industrial Solutions",2385,"Electric Hoist 1 Ton",PA1000,1200.000,"2024-07-07 16:36:51",1,1200.000
956,"KCH Industrial Solutions",2027,"Evacut - HSS Metric & Fractional Drill Set E2M (19 sizes)"," 1-10 x 0.5mm  / set",420.600,"2024-07-07 16:36:51",1,420.600
956,"KCH Industrial Solutions",2124,"Kusama - Reduced Shank Drill 1/2 inch","9/16"" / pc",24.000,"2024-07-07 16:36:51",1,24.000
961,"SAR Industrial Hardware",2026,"Evacut - Cobalt Drill","7/64""  / pc",27.200,"2024-07-07 16:36:49",1,27.200
961,"SAR Industrial Hardware",2379,"Cable Joint","(Japan Type) 300A (blue)",14.000,"2024-07-07 16:36:45",1,14.000
960,"KCH Agricultural Tools",2284,"Pulley Block","3"" Single Wheel",26.500,"2024-07-07 16:28:40",1,26.500
960,"KCH Agricultural Tools",2018,"Golden Bridge - Welding Rods J38.12 (E6013)","2.5mm (12#) x 300mm (1 small box)",94.000,"2024-07-07 16:28:28",1,94.000
960,"KCH Agricultural Tools",2100,"Plain Trolley","2 Ton / pc",240.000,"2024-07-07 16:28:22",1,240.000
960,"KCH Agricultural Tools",2380,"Welder Mask","(Black) (Head type) with glasses",14.000,"2024-07-07 16:28:15",1,14.000
960,"KCH Agricultural Tools",2100,"Plain Trolley","1 Ton / pc",160.000,"2024-07-07 16:26:28",1,160.000
960,"KCH Agricultural Tools",2100,"Plain Trolley","1 Ton / pc",160.000,"2024-07-07 16:26:28",1,160.000
960,"KCH Agricultural Tools",2019,"Tailin - Offset Grinding Wheel","4 inches x 6mm x 16mm (A24S) Red  / pc",2.000,"2024-07-07 16:26:21",1,2.000
960,"KCH Agricultural Tools",2019,"Tailin - Offset Grinding Wheel","4 inches x 6mm x 16mm (A24S) Red  / pc",2.000,"2024-07-07 16:26:21",1,2.000
960,"KCH Agricultural Tools",2126,"Kusama - HSS Taper Shank Twist Drill","9/16"" / pc",25.000,"2024-07-07 16:26:08",1,25.000
960,"KCH Agricultural Tools",2126,"Kusama - HSS Taper Shank Twist Drill","9/16"" / pc",25.000,"2024-07-07 16:26:08",1,25.000
960,"KCH Agricultural Tools",2343,"Facility Step Sealer","SH500 20""",420.000,"2024-07-07 16:26:02",1,420.000
960,"KCH Agricultural Tools",2343,"Facility Step Sealer","SH500 20""",420.000,"2024-07-07 16:26:02",1,420.000
960,"KCH Agricultural Tools",2017,"Tailin - Cut Off Wheel","4"" x 0.8mm x 9.53mm (A60T)  / pc",2.100,"2024-07-07 16:24:16",1,2.100
960,"KCH Agricultural Tools",2395,"Tailin - Non-woven Wheel","4 inches x 16mm (C240)",10.000,"2024-07-07 16:24:06",1,10.000
956,"KCH Industrial Solutions",2177,"Boky - Cut-off Machine","16"" J3G-400HG (1 Phase) 3000w 240v",1050.000,"2024-07-07 16:23:57",1,1050.000
956,"KCH Industrial Solutions",2031,"Evacut - HSS Metric & Fractional Drill Set NO.4M (12 sizes)","1-6.5 x 0.5mm  / set",139.950,"2024-07-07 16:23:57",1,139.950
956,"KCH Industrial Solutions",2019,"Tailin - Offset Grinding Wheel","4 inches x 6mm x 16mm (A24S) Red  / pc",1.900,"2024-07-07 16:23:57",1,1.900
956,"KCH Industrial Solutions",2412,"Kusama - 100mm Angle Grinder 750w (TD100P5)",,99.000,"2024-07-07 16:23:57",1,99.000
956,"KCH Industrial Solutions",2170,"Kusama - Electric Drill 450w (D104)"," ",76.000,"2024-07-07 16:23:57",1,76.000
956,"KCH Industrial Solutions",2411,"Kusama - 13mm Impact Drill 800w (TD13J2)",,140.000,"2024-07-07 16:23:57",1,140.000
956,"KCH Industrial Solutions",2379,"Cable Joint","(Japan Type) 300A (blue)",13.000,"2024-07-07 16:23:57",2,26.000
956,"KCH Industrial Solutions",2022,"Tailin - Flap Disc Wheel","4 inches x 16mm (A60)  / pc",5.000,"2024-07-07 16:23:57",2,10.000
956,"KCH Industrial Solutions",2233,"Electric Blower","2-1/2""",220.000,"2024-07-07 16:23:57",2,440.000
956,"KCH Industrial Solutions",2381,"Safety Goggle (Clear)"," ",1.700,"2024-07-07 16:23:57",3,5.100
956,"KCH Industrial Solutions",2138,"Safety Jogger - safety glove (Construhot) 2131","1 pair",8.500,"2024-07-07 16:23:57",2,17.000
960,"KCH Agricultural Tools",2099,"Kusama - Lever Block (VL)","1.5T x 1.5m",260.000,"2024-07-07 16:23:56",1,260.000
960,"KCH Agricultural Tools",2102,"Kusama - Lever Block (HSH-E)","0.75T x 1.5m",195.000,"2024-07-07 16:23:51",1,195.000
956,"KCH Industrial Solutions",2152,"Kusama - 100mm Angle Grinder 710w (G1003)"," ",84.000,"2024-07-07 16:22:47",1,84.000
956,"KCH Industrial Solutions",2091,"Safety Worker - Avvio ll","EU 36 / UK 2",86.000,"2024-07-07 16:22:47",5,430.000
956,"KCH Industrial Solutions",2147,"Kusama - Paint Roller","4"" x 18"" (3 colour europe) / pc",3.900,"2024-07-07 16:22:47",10,39.000
956,"KCH Industrial Solutions",2086,"Safety Worker - Comfi","EU 37 / UK 3",45.000,"2024-07-07 16:22:47",5,225.000
956,"KCH Industrial Solutions",2062,"Sunlon - Measuring Tape (ABS)","3.6m / 12"" x 13mm (WDA3613)  / pc",4.400,"2024-07-07 16:22:47",5,22.000
956,"KCH Industrial Solutions",2063,"Sunlon - Fiberglass Tape (Open Reel)","30m/100"" x 13mm (FG3001)",52.000,"2024-07-07 16:22:44",3,156.000
956,"KCH Industrial Solutions",2057,"Xtraseal - Super Glue","3gm Economy Pack  / dozen (12 pcs)",9.200,"2024-07-07 16:22:44",10,92.000
956,"KCH Industrial Solutions",2048,"Xtraseal - SA-107 All Purpose Acetic Silicone","280g (CLEAR)  / pc",8.100,"2024-07-07 16:22:44",4,32.400
960,"KCH Agricultural Tools",2127,"Kusama - 13pcs Full Ground Drill Plastic Box","AF 1/16""-1/4"" / set",22.000,"2024-07-07 16:22:40",1,22.000
960,"KCH Agricultural Tools",2032,"Evacut - Sutton Tools Taper Shank Drill","16.5mm  / pc",185.550,"2024-07-07 16:22:35",1,185.550
960,"KCH Agricultural Tools",2033,"Evacut - Masonry Drill 160mm/400mm","22mm S.F. 7/8""  x 160mm / pc",64.000,"2024-07-07 16:22:31",1,64.000
960,"KCH Agricultural Tools",2380,"Welder Mask","(Black) (Head type) with glasses",14.000,"2024-07-07 16:22:24",1,14.000
960,"KCH Agricultural Tools",2019,"Tailin - Offset Grinding Wheel","4 inches x 6mm x 16mm (A24S) Red  / pc",2.000,"2024-07-07 16:22:20",1,2.000
956,"KCH Industrial Solutions",2170,"Kusama - Electric Drill 450w (D104)"," ",76.000,"2024-07-07 16:21:47",1,76.000
956,"KCH Industrial Solutions",2381,"Safety Goggle (Clear)"," ",1.700,"2024-07-07 16:21:47",1,1.700
956,"KCH Industrial Solutions",2124,"Kusama - Reduced Shank Drill 1/2 inch","9/16"" / pc",24.000,"2024-07-07 16:21:43",1,24.000
956,"KCH Industrial Solutions",2027,"Evacut - HSS Metric & Fractional Drill Set E2M (19 sizes)"," 1-10 x 0.5mm  / set",420.600,"2024-07-07 16:21:43",1,420.600
956,"KCH Industrial Solutions",2385,"Electric Hoist 1 Ton",PA1000,1200.000,"2024-07-07 16:21:43",1,1200.000
956,"KCH Industrial Solutions",2175,"Boky - Drill Press","ZJQ4116K 450w",580.000,"2024-07-07 16:21:43",1,580.000
956,"KCH Industrial Solutions",2344,"Bag Closer "," ",950.000,"2024-07-07 16:21:43",1,950.000
956,"KCH Industrial Solutions",2165,"DCA - Electric Drill 500w"," ",110.000,"2024-07-07 16:21:43",1,110.000
960,"KCH Agricultural Tools",2024,"Evacut -1/2 Inch Reduced Shank Drill","14.0mm  / pc",142.100,"2024-07-07 16:20:48",1,142.100
960,"KCH Agricultural Tools",2031,"Evacut - HSS Metric & Fractional Drill Set NO.4M (12 sizes)","1-6.5 x 0.5mm  / set",139.950,"2024-07-07 16:20:43",1,139.950
960,"KCH Agricultural Tools",2175,"Boky - Drill Press","ZJ4113 (1/3HP) 250w",280.000,"2024-07-07 16:20:33",1,280.000
960,"KCH Agricultural Tools",2177,"Boky - Cut-off Machine","16"" J3G-400HG (1 Phase) 3000w 240v",1080.000,"2024-07-07 16:20:27",1,1080.000
960,"KCH Agricultural Tools",2344,"Bag Closer "," ",940.000,"2024-07-07 16:20:22",1,940.000
956,"KCH Industrial Solutions",2177,"Boky - Cut-off Machine","16"" J3G-400HG (1 Phase) 3000w 240v",1050.000,"2024-07-07 16:19:14",1,1050.000
956,"KCH Industrial Solutions",2031,"Evacut - HSS Metric & Fractional Drill Set NO.4M (12 sizes)","1-6.5 x 0.5mm  / set",139.950,"2024-07-07 16:19:14",1,139.950
956,"KCH Industrial Solutions",2019,"Tailin - Offset Grinding Wheel","4 inches x 6mm x 16mm (A24S) Red  / pc",1.900,"2024-07-07 16:19:14",1,1.900
956,"KCH Industrial Solutions",2412,"Kusama - 100mm Angle Grinder 750w (TD100P5)",,99.000,"2024-07-07 16:19:14",1,99.000
956,"KCH Industrial Solutions",2411,"Kusama - 13mm Impact Drill 800w (TD13J2)",,140.000,"2024-07-07 16:19:14",1,140.000
956,"KCH Industrial Solutions",2170,"Kusama - Electric Drill 450w (D104)"," ",76.000,"2024-07-07 16:19:14",1,76.000
956,"KCH Industrial Solutions",2381,"Safety Goggle (Clear)"," ",1.700,"2024-07-07 16:19:14",2,3.400
956,"KCH Industrial Solutions",2022,"Tailin - Flap Disc Wheel","4 inches x 16mm (A60)  / pc",5.000,"2024-07-07 16:19:04",1,5.000
956,"KCH Industrial Solutions",2343,"Facility Step Sealer","SH500 20""",400.000,"2024-07-07 16:19:04",1,400.000
956,"KCH Industrial Solutions",2176,"Boky - Bench Grinder","MD-150 (6"") (1/3HP) 250w",120.000,"2024-07-07 16:19:04",1,120.000
956,"KCH Industrial Solutions",2379,"Cable Joint","(Japan Type) 300A (blue)",13.000,"2024-07-07 16:19:04",1,13.000
956,"KCH Industrial Solutions",2233,"Electric Blower","2-1/2""",220.000,"2024-07-07 16:19:04",1,220.000
956,"KCH Industrial Solutions",2377,"Folding Platform Cart",SX300kg,280.000,"2024-07-07 16:19:04",1,280.000
956,"KCH Industrial Solutions",2138,"Safety Jogger - safety glove (Construhot) 2131","1 pair",8.500,"2024-07-07 16:19:04",1,8.500
960,"KCH Agricultural Tools",2102,"Kusama - Lever Block (HSH-E)","0.75T x 1.5m",195.000,"2024-07-07 16:18:42",1,195.000
960,"KCH Agricultural Tools",2284,"Pulley Block","3"" Single Wheel",26.500,"2024-07-07 16:18:37",1,26.500
960,"KCH Agricultural Tools",2380,"Welder Mask","(Black) (Head type) with glasses",14.000,"2024-07-07 16:18:33",1,14.000
960,"KCH Agricultural Tools",2099,"Kusama - Lever Block (VL)","1.5T x 1.5m",260.000,"2024-07-07 16:18:27",1,260.000
960,"KCH Agricultural Tools",2101,"Kusama - Chain Block (HS-Z)","0.5T x 2.5m",103.000,"2024-07-07 16:18:22",1,103.000
960,"KCH Agricultural Tools",2379,"Cable Joint","(Japan Type) 300A (blue)",14.000,"2024-07-07 16:18:17",1,14.000
960,"KCH Agricultural Tools",2346,"Semi-Auto Strapping Machine","XT-8020 (Enclosed)",2340.000,"2024-07-07 16:16:14",1,2340.000
960,"KCH Agricultural Tools",2343,"Facility Step Sealer","SH500 20""",420.000,"2024-07-07 16:16:08",1,420.000
960,"KCH Agricultural Tools",2177,"Boky - Cut-off Machine","16"" J3G-400HG (1 Phase) 3000w 240v",1080.000,"2024-07-07 16:16:01",1,1080.000
960,"KCH Agricultural Tools",2279,"Asaki - Air Compressor","HDW1002 0.55Kw",520.000,"2024-07-07 16:15:57",1,520.000
960,"KCH Agricultural Tools",2021,"Tailin - Flexible Grinding Wheel","4 inches x 2mm (WA80) S.S.  / pc",2.200,"2024-07-07 16:15:07",1,2.200
960,"KCH Agricultural Tools",2022,"Tailin - Flap Disc Wheel","4 inches x 16mm (A60)  / pc",5.500,"2024-07-07 16:15:00",1,5.500
960,"KCH Agricultural Tools",2283,"Saw Blade","4 x 30T",10.000,"2024-07-07 16:14:41",1,10.000
960,"KCH Agricultural Tools",2276,"Sasama - Stainless Steel Cutting Wheel","105 x 1.0 x 16mm ",0.850,"2024-07-07 16:14:36",1,0.850
956,"KCH Industrial Solutions",2138,"Safety Jogger - safety glove (Construhot) 2131","1 pair",8.500,"2024-07-07 16:10:28",1,8.500
960,"KCH Agricultural Tools",2023,"Evacut - HSS Jobber Drill (BLACK)","1.0mm  / pc",7.900,"2024-07-07 16:10:27",1,7.900
960,"KCH Agricultural Tools",2026,"Evacut - Cobalt Drill","7/64""  / pc",27.200,"2024-07-07 16:10:23",1,27.200
960,"KCH Agricultural Tools",2379,"Cable Joint","(Japan Type) 300A (blue)",14.000,"2024-07-07 16:10:17",1,14.000
956,"KCH Industrial Solutions",2381,"Safety Goggle (Clear)"," ",1.700,"2024-07-07 16:10:02",1,1.700
956,"KCH Industrial Solutions",2377,"Folding Platform Cart",SX300kg,280.000,"2024-07-07 16:09:35",1,280.000
956,"KCH Industrial Solutions",2233,"Electric Blower","2-1/2""",220.000,"2024-07-07 16:08:27",1,220.000
956,"KCH Industrial Solutions",2379,"Cable Joint","(Japan Type) 300A (blue)",13.000,"2024-07-07 16:08:22",1,13.000
960,"KCH Agricultural Tools",2360,"Kusama - Half Round Digger"," ",13.000,"2024-07-07 16:06:57",1,13.000
960,"KCH Agricultural Tools",2404,"Kusama - Shovel","Garden Shovel w/wooden handle 76cm",12.000,"2024-07-07 16:06:51",1,12.000
960,"KCH Agricultural Tools",2179,"Kusama - Sprayer","SX-CS5 (5L)",30.000,"2024-07-07 16:06:46",1,30.000
960,"KCH Agricultural Tools",2365,"PVC Knitted Hose","1"" 25mm x 31mm x 50M",145.000,"2024-07-07 16:06:39",1,145.000
960,"KCH Agricultural Tools",2243,"Wooden Hoe Handle","crafted by hand (Light Duty)",7.000,"2024-07-07 16:06:34",1,7.000
956,"KCH Industrial Solutions",2176,"Boky - Bench Grinder","MD-150 (6"") (1/3HP) 250w",120.000,"2024-07-07 16:06:32",1,120.000
956,"KCH Industrial Solutions",2343,"Facility Step Sealer","SH500 20""",400.000,"2024-07-07 16:06:23",1,400.000
956,"KCH Industrial Solutions",2022,"Tailin - Flap Disc Wheel","4 inches x 16mm (A60)  / pc",5.000,"2024-07-07 16:06:07",1,5.000
960,"KCH Agricultural Tools",2293,"Kusama - Hedge Shear","S806 (10"")",16.000,"2024-07-07 16:04:15",1,16.000
960,"KCH Agricultural Tools",2322,"Iron Spades","1 pc",2.300,"2024-07-07 16:04:08",1,2.300
960,"KCH Agricultural Tools",2392,"Classic Watering Plastic Can","SX-620-50 (5.0L)",15.000,"2024-07-07 16:03:58",1,15.000
956,"KCH Industrial Solutions",2170,"Kusama - Electric Drill 450w (D104)"," ",76.000,"2024-07-07 16:03:10",1,76.000
956,"KCH Industrial Solutions",2411,"Kusama - 13mm Impact Drill 800w (TD13J2)",,140.000,"2024-07-07 16:03:06",1,140.000
956,"KCH Industrial Solutions",2412,"Kusama - 100mm Angle Grinder 750w (TD100P5)",,99.000,"2024-07-07 16:03:00",1,99.000
960,"KCH Agricultural Tools",2364,"PVC Nylon Hose","1/4"" 6mm x 10mm x 100M",60.000,"2024-07-07 16:02:40",1,60.000
960,"KCH Agricultural Tools",2366,"Pressure Hose (Yellow)","5/16"" 8.5 x 2.75mm x 100M 750 PSI",160.000,"2024-07-07 16:02:34",1,160.000
960,"KCH Agricultural Tools",2207,"Jaya Mata - Black Long Knife","14""",17.000,"2024-07-07 16:02:18",1,17.000
960,"KCH Agricultural Tools",2212,"EcoGreen - 7-Pattern Trigger Nozzle set",2200#,13.000,"2024-07-07 16:02:09",1,13.000
960,"KCH Agricultural Tools",2211,"EcoGreen - 1/2 inch Hose Basic Set",4402#,9.600,"2024-07-07 16:02:04",1,9.600
960,"KCH Agricultural Tools",2392,"Classic Watering Plastic Can","SX-620-50 (5.0L)",15.000,"2024-07-07 16:01:59",1,15.000
960,"KCH Agricultural Tools",2359,"Kusama - Mini Hoe with Steel Handle",Big,10.500,"2024-07-07 16:01:01",1,10.500
960,"KCH Agricultural Tools",2362,"Kusama - Grass Cutter Big","5""",14.500,"2024-07-07 16:00:56",1,14.500
960,"KCH Agricultural Tools",2208,"Jaya Mata - Sharpening Stone","6"" / pc",9.400,"2024-07-07 16:00:51",1,9.400
956,"KCH Industrial Solutions",2381,"Safety Goggle (Clear)"," ",1.700,"2024-07-07 16:00:45",1,1.700
960,"KCH Agricultural Tools",2206,"Jaya Mata - Oil Palm Chisel","3""",20.000,"2024-07-07 16:00:44",1,20.000
960,"KCH Agricultural Tools",2266,"Half round digger with wooden handle","48""",24.000,"2024-07-07 16:00:37",1,24.000
956,"KCH Industrial Solutions",2019,"Tailin - Offset Grinding Wheel","4 inches x 6mm x 16mm (A24S) Red  / pc",1.900,"2024-07-07 16:00:21",1,1.900
956,"KCH Industrial Solutions",2031,"Evacut - HSS Metric & Fractional Drill Set NO.4M (12 sizes)","1-6.5 x 0.5mm  / set",139.950,"2024-07-07 16:00:10",1,139.950
956,"KCH Industrial Solutions",2177,"Boky - Cut-off Machine","16"" J3G-400HG (1 Phase) 3000w 240v",1050.000,"2024-07-07 16:00:02",1,1050.000
960,"KCH Agricultural Tools",2181,Sprayer,"1L ",8.500,"2024-07-07 15:59:30",1,8.500
956,"KCH Industrial Solutions",2165,"DCA - Electric Drill 500w"," ",110.000,"2024-07-07 15:59:08",1,110.000
960,"KCH Agricultural Tools",2408,"Lily - Anti Insect Netting","16 x 16 mesh 3.7m x 61m",285.000,"2024-07-07 15:58:47",1,285.000
956,"KCH Industrial Solutions",2124,"Kusama - Reduced Shank Drill 1/2 inch","9/16"" / pc",24.000,"2024-07-07 15:57:40",1,24.000
956,"KCH Industrial Solutions",2027,"Evacut - HSS Metric & Fractional Drill Set E2M (19 sizes)"," 1-10 x 0.5mm  / set",420.600,"2024-07-07 15:57:25",1,420.600
956,"KCH Industrial Solutions",2385,"Electric Hoist 1 Ton",PA1000,1200.000,"2024-07-07 15:57:19",1,1200.000
956,"KCH Industrial Solutions",2175,"Boky - Drill Press","ZJQ4116K 450w",580.000,"2024-07-07 15:56:58",1,580.000
956,"KCH Industrial Solutions",2344,"Bag Closer "," ",950.000,"2024-07-07 15:56:45",1,950.000
955,"SAB Farm Machinery",2364,"PVC Nylon Hose"," 2"" 50mm x 59mm x 20M",250.000,"2024-07-07 15:51:10",1,250.000
960,"KCH Agricultural Tools",2329,Rake,"Non Adj. Rake",4.000,"2024-07-07 15:50:17",1,4.000
960,"KCH Agricultural Tools",2185,"Watering Can","8802 - Small (1.7 L)",6.000,"2024-07-07 15:50:10",1,6.000
960,"KCH Agricultural Tools",2407,"Lily - Shading Netting","70% Black 2m x 30m",72.000,"2024-07-07 15:50:01",1,72.000
960,"KCH Agricultural Tools",2094,"TCT - Agriculture Shade Netting","A610 (2m x 45m) (50%) (Black) / roll",134.000,"2024-07-07 15:46:47",1,134.000
960,"KCH Agricultural Tools",2097,"Tulip - Agriculture Netting","Shade Netting 2m x 30m (50%) (Black) / roll",45.000,"2024-07-07 15:46:41",1,45.000
960,"KCH Agricultural Tools",2408,"Lily - Anti Insect Netting","16 x 16 mesh 3.7m x 61m",285.000,"2024-07-07 15:46:33",1,285.000
960,"KCH Agricultural Tools",2388,"Kusama - Knapsack Sprayer","SX-LK20G 20L",74.000,"2024-07-07 15:46:28",1,74.000
960,"KCH Agricultural Tools",2180,"Handcart Sprayer","SX-CS16L (16L)",52.000,"2024-07-07 15:46:23",1,52.000
955,"SAB Farm Machinery",2216,"Pruning Shear",713#,23.000,"2024-07-07 15:44:56",1,23.000
955,"SAB Farm Machinery",2368,"PVC Clear Hose","1/4"" 6mm x 0.75mm x 30M",10.500,"2024-07-07 15:44:51",1,10.500
960,"KCH Agricultural Tools",2287,"Garden Shear","(straight) Green Handle",12.000,"2024-07-07 15:44:49",1,12.000
955,"SAB Farm Machinery",2364,"PVC Nylon Hose","1/4"" 6mm x 10mm x 100M",66.000,"2024-07-07 15:44:39",1,66.000
960,"KCH Agricultural Tools",2210,"EcoGreen - Hosereel set with Hose","1103# (15m)",125.000,"2024-07-07 15:44:39",1,125.000
955,"SAB Farm Machinery",2267,"Rake 3 teeth with wooden handle ","48""",28.500,"2024-07-07 15:44:34",1,28.500
960,"KCH Agricultural Tools",2403,"B.Cock Hoe",H301,12.000,"2024-07-07 15:44:31",1,12.000
955,"SAB Farm Machinery",2361,"Kusama - Grass Cutter Small",JZ-E004,7.600,"2024-07-07 15:43:21",1,7.600
960,"KCH Agricultural Tools",2219,"Pruning Saw","13"" Iron Handle",16.000,"2024-07-07 15:41:50",1,16.000
955,"SAB Farm Machinery",2364,"PVC Nylon Hose"," 2"" 50mm x 59mm x 20M",250.000,"2024-07-07 15:41:44",1,250.000
960,"KCH Agricultural Tools",2382,"Jaya Mata - Pruning Shear","JM601 (straight)",16.500,"2024-07-07 15:41:35",1,16.500
960,"KCH Agricultural Tools",2183,"Hose Reel Set","Hose Reel Set & Cart SX-904-20 (w/30m hose)",132.000,"2024-07-07 15:41:29",1,132.000
960,"KCH Agricultural Tools",2214,"EcoGreen - Tap Adapter",4021#,1.850,"2024-07-07 15:41:24",1,1.850
960,"KCH Agricultural Tools",2211,"EcoGreen - 1/2 inch Hose Basic Set",4402#,9.600,"2024-07-07 15:41:17",1,9.600
960,"KCH Agricultural Tools",2214,"EcoGreen - Tap Adapter","4012# 3/4""",1.850,"2024-07-07 15:38:52",1,1.850
960,"KCH Agricultural Tools",2213,"EcoGreen - 5 inch Snap n Twist Nozzle",2012#,3.600,"2024-07-07 15:38:46",1,3.600
960,"KCH Agricultural Tools",2392,"Classic Watering Plastic Can","SX-620-50 (5.0L)",15.000,"2024-07-07 15:38:40",1,15.000
959,"SAB General Supplies",2226,"Long Ball Point Hex Key Wrench","2-10mm (8 pcs) (silver)",23.000,"2024-07-07 14:30:24",1,23.000
959,"SAB General Supplies",2067,"Tricircle - Europe Type Brass Padlock","2660s (60mm) (6 pcs/box)",20.500,"2024-07-07 14:21:54",1,20.500
959,"SAB General Supplies",2066,"Tricircle - Heavy Duty Brass Padlock","262 (25mm) (6 pcs/box)",4.100,"2024-07-07 14:21:49",1,4.100
959,"SAB General Supplies",2068,"Tricircle - Rectangle Brass Padlock","BX970 (70mm) (6 pcs/box)",24.000,"2024-07-07 14:21:43",1,24.000
949,"SAR Auto Parts",2226,"Long Ball Point Hex Key Wrench","2-10mm (8 pcs) (silver)",23.000,"2024-07-07 14:20:47",1,23.000
949,"SAR Auto Parts",2115,"Camry - Bathroom Scale EB7006","150 kg",55.000,"2024-07-07 14:18:41",1,55.000
949,"SAR Auto Parts",2081,"Globe - Brass Plated Iron Padlock TP260 type","TP263 (32mm) / pc",3.900,"2024-07-07 14:11:13",1,3.900
949,"SAR Auto Parts",2078,"Globe - Brass Padlock - Weather Proof CL160D type","CL165D (50mm) / pc",18.600,"2024-07-07 14:11:03",1,18.600
949,"SAR Auto Parts",2060,"Xtraseal - Windscreen Sealant BT-390","7.9mm x 4.57m  / pc",14.000,"2024-07-07 14:00:45",1,14.000
949,"SAR Auto Parts",2061,"Xtraseal - PVC Pipe Adhesive PS-200","500gm  / pc",9.800,"2024-07-07 14:00:34",1,9.800
949,"SAR Auto Parts",2156,"Max - 28mm Rotary Hammer 800w (H26F-3)"," ",240.000,"2024-07-07 13:58:54",1,240.000
949,"SAR Auto Parts",2173,"NFK - 12mm Router 1600w"," ",345.000,"2024-07-07 13:58:48",1,345.000
949,"SAR Auto Parts",2308,"Angled Paint Brush 1106","1-1/2"" / dozen",17.800,"2024-07-07 13:58:34",1,17.800
949,"SAR Auto Parts",2166,"DCA - Belt Sander 550w"," ",185.000,"2024-07-07 13:55:14",1,185.000
949,"SAR Auto Parts",2186,"Xtraseal - SOS Rescue Tape","Red 25mm x 3 meter / roll",11.000,"2024-07-07 13:52:43",1,11.000
949,"SAR Auto Parts",2060,"Xtraseal - Windscreen Sealant BT-390","7.9mm x 4.57m  / pc",14.000,"2024-07-07 13:52:37",1,14.000
949,"SAR Auto Parts",2401,"Xtraseal - MC-226 Epoxy High Performance Structural Adhesive A+B","500ml x 2",44.000,"2024-07-07 13:50:46",1,44.000
949,"SAR Auto Parts",2063,"Sunlon - Fiberglass Tape (Open Reel)","50m/165"" x 13mm (FG5001)",86.000,"2024-07-07 13:50:39",1,86.000
949,"SAR Auto Parts",2136,"Safety Jogger - safety glove (All Flex) 4132","1 pair",7.000,"2024-07-07 13:50:14",1,7.000
949,"SAR Auto Parts",2347,"Car Creeper ST036-A 40"""," ",120.000,"2024-07-07 13:46:52",1,120.000
949,"SAR Auto Parts",2173,"NFK - 12mm Router 1600w"," ",345.000,"2024-07-07 13:42:56",1,345.000
949,"SAR Auto Parts",2406,"Max - Circular Saw 1100w 185mm (C1851)",,170.000,"2024-07-07 13:42:48",1,170.000
949,"SAR Auto Parts",2160,"Max - Blower 600w (JB40)"," ",105.000,"2024-07-07 13:42:40",1,105.000
949,"SAR Auto Parts",2056,"Xtraseal - Instant Putty Filler","1.5 kg (White)  / pc",9.500,"2024-07-07 13:30:54",1,9.500
949,"SAR Auto Parts",2062,"Sunlon - Measuring Tape (ABS)","3.6m / 12"" x 13mm (WDA3613)  / pc",4.600,"2024-07-07 13:30:43",1,4.600
949,"SAR Auto Parts",2167,"DCA - Electric Wrench 340w"," ",245.000,"2024-07-07 13:29:32",1,245.000
949,"SAR Auto Parts",2164,"DCA - Electric Hammer 800w"," ",580.000,"2024-07-07 13:29:12",1,580.000
949,"SAR Auto Parts",2165,"DCA - Electric Drill 500w"," ",115.000,"2024-07-07 13:29:06",1,115.000
949,"SAR Auto Parts",2166,"DCA - Belt Sander 550w"," ",185.000,"2024-07-07 13:28:59",1,185.000
949,"SAR Auto Parts",2308,"Angled Paint Brush 1106","1"" / dozen",13.200,"2024-07-07 13:28:53",1,13.200
949,"SAR Auto Parts",2167,"DCA - Electric Wrench 340w"," ",245.000,"2024-07-07 13:27:16",1,245.000
949,"SAR Auto Parts",2164,"DCA - Electric Hammer 800w"," ",580.000,"2024-07-07 13:27:07",1,580.000
949,"SAR Auto Parts",2165,"DCA - Electric Drill 500w"," ",115.000,"2024-07-07 13:26:41",1,115.000
949,"SAR Auto Parts",2166,"DCA - Belt Sander 550w"," ",185.000,"2024-07-07 13:26:33",1,185.000
949,"SAR Auto Parts",2308,"Angled Paint Brush 1106","1"" / dozen",13.200,"2024-07-07 13:26:27",1,13.200
949,"SAR Auto Parts",2146,"Kusama - Shop Crane","2 ton",750.000,"2024-07-07 13:21:59",1,750.000
954,"KKB Construction Supplies",2161,"Max - Electric Planner 600w (P82A)"," ",165.000,"2024-07-07 13:16:49",1,165.000
954,"KKB Construction Supplies",2160,"Max - Blower 600w (JB40)"," ",105.000,"2024-07-07 13:16:41",1,105.000
954,"KKB Construction Supplies",2336,"Goat Hair Vanish Brush","8cm / dozen",23.000,"2024-07-07 13:14:45",1,23.000
954,"KKB Construction Supplies",2401,"Xtraseal - MC-226 Epoxy High Performance Structural Adhesive A+B","500ml x 2",44.000,"2024-07-07 13:14:39",1,44.000
954,"KKB Construction Supplies",2308,"Angled Paint Brush 1106","2"" / dozen",21.500,"2024-07-07 13:14:04",5,107.500
954,"KKB Construction Supplies",2167,"DCA - Electric Wrench 340w"," ",245.000,"2024-07-07 13:04:11",1,245.000
954,"KKB Construction Supplies",2164,"DCA - Electric Hammer 800w"," ",580.000,"2024-07-07 13:04:04",1,580.000
954,"KKB Construction Supplies",2165,"DCA - Electric Drill 500w"," ",115.000,"2024-07-07 13:03:58",1,115.000
954,"KKB Construction Supplies",2166,"DCA - Belt Sander 550w"," ",185.000,"2024-07-07 13:03:54",1,185.000
954,"KKB Construction Supplies",2086,"Safety Worker - Comfi","EU 43 / UK 9",53.000,"2024-07-07 13:03:17",10,530.000
954,"KKB Construction Supplies",2169,"Kusama - 100mm Angle Grinder 800w (S1M-NFK03)"," ",108.000,"2024-07-07 13:03:12",5,540.000
954,"KKB Construction Supplies",2065,"Sunlon - Diameter Tape","Tape Refil 30m 3001DR",26.000,"2024-07-07 13:03:07",5,130.000
949,"SAR Auto Parts",2146,"Kusama - Shop Crane","2 ton",750.000,"2024-07-07 12:58:44",1,750.000
949,"SAR Auto Parts",2347,"Car Creeper ST036-A 40"""," ",115.000,"2024-07-07 12:56:17",1,115.000
954,"KKB Construction Supplies",2308,"Angled Paint Brush 1106","1"" / dozen",13.200,"2024-07-07 12:31:38",4,52.800
954,"KKB Construction Supplies",2065,"Sunlon - Diameter Tape","Tape Refil 30m 3001DR",26.000,"2024-07-07 12:17:35",5,130.000
954,"KKB Construction Supplies",2064,"Sunlon - Fiberglass Tape (Closed Reel)","30m/100"" x 13mm (F3001)",52.000,"2024-07-07 12:17:23",10,520.000
954,"KKB Construction Supplies",2062,"Sunlon - Measuring Tape (ABS)","10.0m / 33"" x 25mm (WDA1025)  / pc",25.300,"2024-07-07 12:17:14",5,126.500
954,"KKB Construction Supplies",2406,"Max - Circular Saw 1100w 185mm (C1851)",,170.000,"2024-07-07 12:08:57",2,340.000
954,"KKB Construction Supplies",2169,"Kusama - 100mm Angle Grinder 800w (S1M-NFK03)"," ",108.000,"2024-07-07 12:08:32",5,540.000
954,"KKB Construction Supplies",2413,"Intop - Jigsaw 650w (JS-650) ",,145.000,"2024-07-07 12:08:11",3,435.000
954,"KKB Construction Supplies",2166,"DCA - Belt Sander 550w"," ",185.000,"2024-07-07 12:07:52",4,740.000
954,"KKB Construction Supplies",2165,"DCA - Electric Drill 500w"," ",115.000,"2024-07-07 12:07:44",10,1150.000
954,"KKB Construction Supplies",2086,"Safety Worker - Comfi","EU 43 / UK 9",53.000,"2024-07-07 12:02:30",10,530.000
954,"KKB Construction Supplies",2086,"Safety Worker - Comfi","EU 43 / UK 9",53.000,"2024-07-07 12:02:30",10,530.000
954,"KKB Construction Supplies",2401,"Xtraseal - MC-226 Epoxy High Performance Structural Adhesive A+B","500ml x 2",44.000,"2024-07-07 11:58:12",6,264.000
954,"KKB Construction Supplies",2336,"Goat Hair Vanish Brush","8cm / dozen",23.000,"2024-07-07 09:21:35",1,23.000
954,"KKB Construction Supplies",2336,"Goat Hair Vanish Brush","6cm / dozen",20.000,"2024-07-07 09:21:33",1,20.000
954,"KKB Construction Supplies",2336,"Goat Hair Vanish Brush","4cm / dozen",12.000,"2024-07-07 09:21:31",1,12.000
954,"KKB Construction Supplies",2308,"Angled Paint Brush 1106","2"" / dozen",21.500,"2024-07-07 09:21:22",3,64.500
954,"KKB Construction Supplies",2308,"Angled Paint Brush 1106","1-1/2"" / dozen",17.800,"2024-07-07 09:21:18",3,53.400
954,"KKB Construction Supplies",2308,"Angled Paint Brush 1106","1"" / dozen",13.200,"2024-07-07 09:21:14",3,39.600
6,"Resources Machinery Sdn Bhd",2344,"Bag Closer "," ",950.000,"2024-07-07 09:02:25",1,950.000
6,"Resources Machinery Sdn Bhd",2235,"4 ways Ratchet Wrench",6x8x9x10mm,8.500,"2024-07-07 09:02:15",1,8.500
6,"Resources Machinery Sdn Bhd",2317,"Allen Key Set","10 pcs set 1.5mm-10mm",2.500,"2024-07-07 08:59:08",1,2.500
6,"Resources Machinery Sdn Bhd",2235,"4 ways Ratchet Wrench",6x8x10x12mm,9.000,"2024-07-07 08:59:02",1,9.000
952,"KCH Weighing Solutions",2115,"Camry - Bathroom Scale EB7006","150 kg",50.000,"2024-07-07 08:58:41",1,50.000
952,"KCH Weighing Solutions",2115,"Camry - Bathroom Scale EB7006","150 kg",50.000,"2024-07-07 08:58:41",1,50.000
952,"KCH Weighing Solutions",2116,"Camry - Luggage Scale EL10-31P","50 kg",29.000,"2024-07-07 08:58:01",4,116.000
952,"KCH Weighing Solutions",2115,"Camry - Bathroom Scale EB7006","150 kg",50.000,"2024-07-07 08:57:17",2,100.000
952,"KCH Weighing Solutions",2106,"Saigon - Double Dial Scale S.Steel","15kg (Stainless Steel Round Pan)",138.000,"2024-07-07 08:55:52",2,276.000
952,"KCH Weighing Solutions",2106,"Saigon - Double Dial Scale S.Steel","15kg (Stainless Steel Round Pan)",138.000,"2024-07-07 08:55:52",2,276.000
952,"KCH Weighing Solutions",2115,"Camry - Bathroom Scale EB7006","150 kg",50.000,"2024-07-07 08:51:18",2,100.000
6,"Resources Machinery Sdn Bhd",2308,"Angled Paint Brush 1106","1"" / dozen",13.200,"2024-07-07 08:48:37",1,13.200
6,"Resources Machinery Sdn Bhd",2383,"Air Roller Seat STCS2"," ",116.000,"2024-07-07 08:48:27",1,116.000
952,"KCH Weighing Solutions",2115,"Camry - Bathroom Scale EB7006","150 kg",50.000,"2024-07-07 08:45:42",2,100.000
951,"SAB Agriculture Equipments",2216,"Pruning Shear",713#,23.000,"2024-07-07 08:38:44",5,115.000
951,"SAB Agriculture Equipments",2364,"PVC Nylon Hose","1/4"" 6mm x 10mm x 100M",66.000,"2024-07-07 08:38:37",5,330.000
951,"SAB Agriculture Equipments",2206,"Jaya Mata - Oil Palm Chisel","3""",21.000,"2024-07-07 08:28:22",2,42.000
951,"SAB Agriculture Equipments",2216,"Pruning Shear",713#,23.000,"2024-07-07 08:26:35",1,23.000
953,"SAR General Hardware",2261,"Zinc Oil Funnel","10""",17.000,"2024-07-07 06:18:44",5,85.000
953,"SAR General Hardware",2076,"Globe - Rectangular Brass Padlock","CL8270 (70mm) / pc",26.800,"2024-07-07 06:07:48",4,107.200
953,"SAR General Hardware",2309,"Ratchet Die Stock No.62","1/2"" to 1-1/4""",85.000,"2024-07-07 06:07:08",5,425.000
953,"SAR General Hardware",2376,"Kusama - Ball Pein Hammer","2 lb",15.000,"2024-07-07 06:07:08",8,120.000
953,"SAR General Hardware",2326,"Glory-8 in 1 Ratchet Wrench","WH3602 8x10,12x13,14x17,19x21",48.000,"2024-07-07 06:04:45",5,240.000
953,"SAR General Hardware",2078,"Globe - Brass Padlock - Weather Proof CL160D type","CL166D (60mm) / pc",28.200,"2024-07-07 05:56:10",4,112.800
953,"SAR General Hardware",2076,"Globe - Rectangular Brass Padlock","CL8270 (70mm) / pc",26.800,"2024-07-07 05:56:10",4,107.200
953,"SAR General Hardware",2376,"Kusama - Ball Pein Hammer","2 lb",15.000,"2024-07-07 05:54:25",8,120.000
953,"SAR General Hardware",2309,"Ratchet Die Stock No.62","1/2"" to 1-1/4""",85.000,"2024-07-07 05:52:11",5,425.000
953,"SAR General Hardware",2376,"Kusama - Ball Pein Hammer","3 lb",19.000,"2024-07-07 05:46:56",10,190.000
953,"SAR General Hardware",2256,"Eastman - Crosswheel Spanner Chrome Plated","16mm x 14""  (17x19x21x1/2"")",20.000,"2024-07-07 05:44:14",5,100.000
952,"KCH Weighing Solutions",2076,"Globe - Rectangular Brass Padlock","CL8270 (70mm) / pc",26.800,"2024-07-06 09:24:12",4,107.200
952,"KCH Weighing Solutions",2078,"Globe - Brass Padlock - Weather Proof CL160D type","CL166D (60mm) / pc",28.200,"2024-07-06 09:24:12",4,112.800
952,"KCH Weighing Solutions",2078,"Globe - Brass Padlock - Weather Proof CL160D type","CL166D (60mm) / pc",28.200,"2024-07-06 09:21:10",4,112.800
952,"KCH Weighing Solutions",2076,"Globe - Rectangular Brass Padlock","CL8270 (70mm) / pc",26.800,"2024-07-06 09:21:00",4,107.200
950,"KKB Industrial Tools",2063,"Sunlon - Fiberglass Tape (Open Reel)","30m/100"" x 13mm (FG3001)",52.000,"2024-07-06 05:53:23",3,156.000
950,"KKB Industrial Tools",2086,"Safety Worker - Comfi","EU 37 / UK 3",45.000,"2024-07-06 05:52:18",5,225.000
950,"KKB Industrial Tools",2062,"Sunlon - Measuring Tape (ABS)","3.6m / 12"" x 13mm (WDA3613)  / pc",4.400,"2024-07-06 05:52:13",5,22.000
950,"KKB Industrial Tools",2018,"Golden Bridge - Welding Rods J38.12 (E6013)","3.2mm (10#) x 350mm (1 small box)",90.000,"2024-07-06 05:51:13",1,90.000
950,"KKB Industrial Tools",2026,"Evacut - Cobalt Drill","7/64""  / pc",27.200,"2024-07-06 05:50:41",4,108.800
950,"KKB Industrial Tools",2276,"Sasama - Stainless Steel Cutting Wheel","105 x 1.0 x 16mm ",0.800,"2024-07-06 05:49:51",8,6.400
950,"KKB Industrial Tools",2126,"Kusama - HSS Taper Shank Twist Drill","5/8"" / pc",26.000,"2024-07-06 05:47:10",4,104.000
950,"KKB Industrial Tools",2176,"Boky - Bench Grinder","MD-150 (6"") (1/3HP) 250w",120.000,"2024-07-06 05:45:20",1,120.000
949,"SAR Auto Parts",2146,"Kusama - Shop Crane","2 ton",720.000,"2024-07-06 04:44:26",1,720.000
949,"SAR Auto Parts",2347,"Car Creeper ST036-A 40"""," ",105.000,"2024-07-06 04:44:14",3,315.000
949,"SAR Auto Parts",2196,"Xtraseal - Premium Power Steering Fluid","1 L",15.500,"2024-07-06 04:41:36",2,31.000
949,"SAR Auto Parts",2146,"Kusama - Shop Crane","2 ton",720.000,"2024-07-06 04:39:12",1,720.000
949,"SAR Auto Parts",2146,"Kusama - Shop Crane","2 ton",720.000,"2024-07-06 04:36:39",1,720.000
949,"SAR Auto Parts",2347,"Car Creeper ST036-A 40"""," ",105.000,"2024-07-06 04:33:29",1,105.000
948,"KCH Machinery Supplies",2347,"Car Creeper ST036-A 40"""," ",105.000,"2024-07-06 04:29:51",1,105.000
948,"KCH Machinery Supplies",2347,"Car Creeper ST036-A 40"""," ",105.000,"2024-07-06 04:29:51",1,105.000
948,"KCH Machinery Supplies",2256,"Eastman - Crosswheel Spanner Chrome Plated","14mm x14""  (17x19x21x23)",14.500,"2024-07-06 04:21:42",3,43.500
948,"KCH Machinery Supplies",2106,"Saigon - Double Dial Scale S.Steel","15kg (Stainless Steel Round Pan)",138.000,"2024-07-06 04:14:55",5,690.000
948,"KCH Machinery Supplies",2263,"Cement Pail",(Yellow),2.600,"2024-07-06 04:12:47",5,13.000
6,"Resources Machinery Sdn Bhd",2383,"Air Roller Seat STCS2"," ",96.000,"2024-07-05 10:42:27",28,2688.000
6,"Resources Machinery Sdn Bhd",2229,"8 in 1 Plier PP-200","1 pc",24.000,"2024-07-05 10:42:27",3,72.000
6,"Resources Machinery Sdn Bhd",2235,"4 ways Ratchet Wrench",6x8x9x10mm,8.000,"2024-07-05 10:42:27",201,1608.000
6,"Resources Machinery Sdn Bhd",2198," Xtraseal - Hypoid Gear Oil ","EP 80W-90 (API GL-5)  1L",14.800,"2024-07-05 10:42:27",6,88.800
6,"Resources Machinery Sdn Bhd",2318,"1/2 inch Ratchet Handle","40 teeth",9.800,"2024-07-05 10:42:27",3,29.400
6,"Resources Machinery Sdn Bhd",2030,"Evacut - HSS Metric & Fractional Drill Set NO.4 (13 sizes)","1/16"" - 1/4""  / set",139.950,"2024-07-05 10:42:27",3,419.850
6,"Resources Machinery Sdn Bhd",2235,"4 ways Ratchet Wrench",6x8x10x12mm,8.500,"2024-07-05 10:42:27",100,850.000
6,"Resources Machinery Sdn Bhd",2235,"4 ways Ratchet Wrench",6x8x9x10mm,8.000,"2024-07-04 05:30:32",200,1600.000
6,"Resources Machinery Sdn Bhd",2235,"4 ways Ratchet Wrench",6x8x10x12mm,8.500,"2024-07-04 05:30:32",100,850.000
6,"Resources Machinery Sdn Bhd",2198," Xtraseal - Hypoid Gear Oil ","EP 80W-90 (API GL-5)  1L",13.800,"2024-07-04 05:30:32",2,27.600
6,"Resources Machinery Sdn Bhd",2235,"4 ways Ratchet Wrench",6x8x9x10mm,8.000,"2024-07-04 05:30:32",200,1600.000
6,"Resources Machinery Sdn Bhd",2235,"4 ways Ratchet Wrench",6x8x10x12mm,8.500,"2024-07-04 05:30:32",100,850.000
6,"Resources Machinery Sdn Bhd",2198," Xtraseal - Hypoid Gear Oil ","EP 80W-90 (API GL-5)  1L",13.800,"2024-07-04 05:30:32",2,27.600
1,"Jonathan Sdn Bhd",2468,"Electric Blower 2-1/2"" 260W",,145.000,"2024-06-24 23:07:14",30,4350.000
1,"Jonathan Sdn Bhd",2467,"Electric Blower 2"" 100W",,95.000,"2024-06-24 23:07:14",20,1900.000
6,"Resources Machinery Sdn Bhd",2198," Xtraseal - Hypoid Gear Oil ","EP 80W-90 (API GL-5)  1L",14.800,"2024-06-24 19:42:22",6,88.800
6,"Resources Machinery Sdn Bhd",2235,"4 ways Ratchet Wrench",6x8x9x10mm,8.000,"2024-06-24 19:42:04",201,1608.000
6,"Resources Machinery Sdn Bhd",2235,"4 ways Ratchet Wrench",6x8x10x12mm,8.500,"2024-06-24 11:42:22",100,850.000
6,"Resources Machinery Sdn Bhd",2235,"4 ways Ratchet Wrench",6x8x9x10mm,8.000,"2024-06-24 06:54:02",200,1600.000
6,"Resources Machinery Sdn Bhd",2198," Xtraseal - Hypoid Gear Oil ","EP 80W-90 (API GL-5)  1L",13.800,"2024-06-24 04:20:28",2,27.600
6,"Resources Machinery Sdn Bhd",2235,"4 ways Ratchet Wrench",6x8x10x12mm,8.500,"2024-06-24 04:20:28",100,850.000
6,"Resources Machinery Sdn Bhd",2235,"4 ways Ratchet Wrench",6x8x9x10mm,8.000,"2024-06-24 04:20:28",200,1600.000
6,"Resources Machinery Sdn Bhd",2235,"4 ways Ratchet Wrench",6x8x10x12mm,8.500,"2024-06-24 03:53:28",100,850.000
6,"Resources Machinery Sdn Bhd",2198," Xtraseal - Hypoid Gear Oil ","EP 80W-90 (API GL-5)  1L",13.800,"2024-06-24 03:53:28",2,27.600
6,"Resources Machinery Sdn Bhd",2198," Xtraseal - Hypoid Gear Oil ","EP 80W-90 (API GL-5)  1L",13.800,"2024-06-20 01:41:50",2,27.600
6,"Resources Machinery Sdn Bhd",2235,"4 ways Ratchet Wrench",6x8x10x12mm,8.500,"2024-06-20 01:41:44",100,850.000
6,"Resources Machinery Sdn Bhd",2235,"4 ways Ratchet Wrench",6x8x9x10mm,8.000,"2024-06-20 01:41:44",100,800.000
6,"Resources Machinery Sdn Bhd",2030,"Evacut - HSS Metric & Fractional Drill Set NO.4 (13 sizes)","1/16"" - 1/4""  / set",139.950,"2024-06-17 16:39:17",3,419.850
956,"KCH Industrial Solutions",2198," Xtraseal - Hypoid Gear Oil ","EP 80W-90 (API GL-5)  1L",13.800,"2024-06-15 21:01:54",4,55.200
6,"Resources Machinery Sdn Bhd",2383,"Air Roller Seat STCS2"," ",96.000,"2024-06-11 03:56:39",28,2688.000
6,"Resources Machinery Sdn Bhd",2318,"1/2 inch Ratchet Handle","40 teeth",9.800,"2024-06-11 03:19:37",3,29.400
6,"Resources Machinery Sdn Bhd",2229,"8 in 1 Plier PP-200","1 pc",24.000,"2024-06-11 01:13:27",3,72.000
6,"Resources Machinery Sdn Bhd",2253,"3 Jaw Gear Puller Chrome Plated","4""",17.800,"2024-06-05 22:25:57",50,890.000
6,"Resources Machinery Sdn Bhd",2235,"4 ways Ratchet Wrench",6x8x9x10mm,8.000,"2024-06-05 22:24:07",100,800.000
6,"Resources Machinery Sdn Bhd",2235,"4 ways Ratchet Wrench",6x8x10x12mm,8.500,"2024-06-05 22:24:06",100,850.000
6,"Resources Machinery Sdn Bhd",2177,"Boky - Cut-off Machine","16"" J3G-400HG (1 Phase) 3000w 240v",1110.000,"2024-06-02 10:10:04",11,12210.000
6,"Resources Machinery Sdn Bhd",2177,"Boky - Cut-off Machine","16"" J3G-400HG (3 Phase) 2200w 415v",1060.000,"2024-06-02 10:07:33",19,20140.000
6,"Resources Machinery Sdn Bhd",2176,"Boky - Bench Grinder","MD-150 (6"") (1/3HP) 250w",135.000,"2024-05-31 06:18:52",6,810.000
6,"Resources Machinery Sdn Bhd",2176,"Boky - Bench Grinder","MD-150 (6"") (1/3HP) 250w",121.500,"2024-05-28 08:03:51",1,121.500
6,"Resources Machinery Sdn Bhd",2468,"Electric Blower 2-1/2"" 260W",,145.000,"2024-05-28 07:44:40",23,3335.000
6,"Resources Machinery Sdn Bhd",2468,"Electric Blower 2-1/2"" 260W",,145.000,"2024-05-28 07:44:40",23,3335.000
6,"Resources Machinery Sdn Bhd",2318,"1/2 inch Ratchet Handle","40 teeth",9.500,"2024-05-28 07:20:17",17,161.500
6,"Resources Machinery Sdn Bhd",2468,"Electric Blower 2-1/2"" 260W",,145.000,"2024-05-28 07:20:03",23,3335.000
6,"Resources Machinery Sdn Bhd",2235,"4 ways Ratchet Wrench",6x8x10x12mm,8.500,"2024-05-28 04:48:27",1,8.500
4,customerB,2468,"Electric Blower 2-1/2"" 260W",,321.007,"2024-05-28 02:48:04",23,7383.161
6,"Resources Machinery Sdn Bhd",2318,"1/2 inch Ratchet Handle","40 teeth",9.500,"2024-05-28 00:16:50",8,76.000
6,"Resources Machinery Sdn Bhd",2318,"1/2 inch Ratchet Handle","40 teeth",9.500,"2024-05-27 23:03:18",16,152.000
6,"Resources Machinery Sdn Bhd",2279,"Asaki - Air Compressor","L-C50/30SB 3.0HP",480.000,"2024-05-27 16:44:39",1,480.000
6,"Resources Machinery Sdn Bhd",2279,"Asaki - Air Compressor","L-C50/30SB 3.0HP",480.000,"2024-05-27 16:44:39",1,480.000
6,"Resources Machinery Sdn Bhd",2279,"Asaki - Air Compressor","HDW1002 0.55Kw",480.000,"2024-05-27 16:44:36",14,6720.000
6,"Resources Machinery Sdn Bhd",2279,"Asaki - Air Compressor","HDW1002 0.55Kw",480.000,"2024-05-27 16:44:36",14,6720.000
6,"Resources Machinery Sdn Bhd",2198," Xtraseal - Hypoid Gear Oil ","EP 80W-90 (API GL-5)  1L",13.800,"2024-05-27 09:02:12",1,13.800
6,"Resources Machinery Sdn Bhd",2198," Xtraseal - Hypoid Gear Oil ","EP 80W-90 (API GL-5)  1L",13.800,"2024-05-27 09:02:12",1,13.800
6,"Resources Machinery Sdn Bhd",2198," Xtraseal - Hypoid Gear Oil ","EP 80W-90 (API GL-5)  1L",13.800,"2024-05-27 09:02:12",1,13.800
6,"Resources Machinery Sdn Bhd",2198," Xtraseal - Hypoid Gear Oil ","EP 80W-90 (API GL-5)  1L",13.800,"2024-05-27 09:02:12",1,13.800
6,"Resources Machinery Sdn Bhd",2198," Xtraseal - Hypoid Gear Oil ","EP 80W-90 (API GL-5)  1L",13.800,"2024-05-27 09:02:12",1,13.800
6,"Resources Machinery Sdn Bhd",2198," Xtraseal - Hypoid Gear Oil ","EP 80W-90 (API GL-5)  1L",13.800,"2024-05-27 09:02:12",1,13.800
6,"Resources Machinery Sdn Bhd",2383,"Air Roller Seat STCS2"," ",96.000,"2024-05-27 08:57:09",2,192.000
6,"Resources Machinery Sdn Bhd",2390,"Reflective Safety Vest",Orange,4.480,"2024-05-27 08:18:34",2,8.960
6,"Resources Machinery Sdn Bhd",2229,"8 in 1 Plier PP-200","1 pc",24.000,"2024-05-27 07:03:44",2,48.000
6,"Resources Machinery Sdn Bhd",2198," Xtraseal - Hypoid Gear Oil ","EP 80W-90 (API GL-5)  1L",13.800,"2024-05-27 05:37:42",1,13.800
6,"Resources Machinery Sdn Bhd",2198,"Xtraseal - Hypoid Gear Oil","EP 80W-90 (API GL-5)  18L",195.000,"2024-05-27 03:33:37",8,1560.000
6,"Resources Machinery Sdn Bhd",2390,"Reflective Safety Vest",Orange,2.880,"2024-05-27 03:26:31",2,5.760
6,"Resources Machinery Sdn Bhd",2198,"Xtraseal - Hypoid Gear Oil","EP 80W-90 (API GL-5)  18L",195.000,"2024-05-11 15:29:14",2,390.000
6,"Resources Machinery Sdn Bhd",2198,"Xtraseal - Hypoid Gear Oil","EP 80W-90 (API GL-5)  18L",195.000,"2024-05-11 15:29:14",2,390.000
6,"Resources Machinery Sdn Bhd",2198,"Xtraseal - Hypoid Gear Oil","EP 80W-90 (API GL-5)  18L",195.000,"2024-05-11 15:29:14",2,390.000
6,"Resources Machinery Sdn Bhd",2198,"Xtraseal - Hypoid Gear Oil","EP 80W-90 (API GL-5) 4L",47.000,"2024-05-11 07:29:07",1,47.000
6,"Resources Machinery Sdn Bhd",2198,"Xtraseal - Hypoid Gear Oil","EP 80W-90 (API GL-5) 4L",47.000,"2024-05-11 07:29:07",1,47.000
6,"Resources Machinery Sdn Bhd",2198,"Xtraseal - Hypoid Gear Oil","EP 80W-90 (API GL-5)  1L",13.800,"2024-05-11 07:29:05",1,13.800
6,"Resources Machinery Sdn Bhd",2198,"Xtraseal - Hypoid Gear Oil","EP 80W-90 (API GL-5)  1L",13.800,"2024-05-11 07:29:05",1,13.800
6,"Resources Machinery Sdn Bhd",2198,"Xtraseal - Hypoid Gear Oil","EP 80W-90 (API GL-5)  1L",13.800,"2024-05-11 07:29:05",1,13.800
6,"Resources Machinery Sdn Bhd",2467,"Electric Blower 2"" 100W",,95.000,"2024-05-04 05:50:05",21,1995.000
6,"Resources Machinery Sdn Bhd",2467,"Electric Blower 2"" 100W",,95.000,"2024-05-04 05:50:05",21,1995.000
6,"Resources Machinery Sdn Bhd",2318,"1/2 inch Ratchet Handle","40 teeth",10.000,"2024-05-04 05:44:39",7,70.000
6,"Resources Machinery Sdn Bhd",2467,"Electric Blower 2"" 100W",,95.000,"2024-05-03 21:54:46",20,1900.000
6,"Resources Machinery Sdn Bhd",2468,"Electric Blower 2-1/2"" 260W",,145.000,"2024-05-03 21:54:28",30,4350.000
6,"Resources Machinery Sdn Bhd",2235,"4 ways Ratchet Wrench",6x8x9x10mm,8.000,"2024-05-03 21:44:47",1,8.000
6,"Resources Machinery Sdn Bhd",2198,"Xtraseal - Hypoid Gear Oil","EP 80W-90 (API GL-5) 4L",47.000,"2024-04-11 07:29:07",1,47.000
6,"Resources Machinery Sdn Bhd",2024,"Evacut -1/2 Inch Reduced Shank Drill","13.5mm  / pc",69.905,"2020-09-24 09:42:59",1,69.905
6,"Resources Machinery Sdn Bhd",2078,"Globe - Brass Padlock - Weather Proof CL160D type","CL164D (40mm) / pc",9.300,"2020-09-24 09:38:35",1,9.300
6,"Resources Machinery Sdn Bhd",2177,"Boky - Cut-off Machine","16"" J3G-400HG (1 Phase) 3000w 240v",950.000,"2020-08-28 10:35:09",1,950.000
6,"Resources Machinery Sdn Bhd",2175,"Boky - Drill Press","ZJ4113 (1/3HP) 250w",255.000,"2020-08-28 10:34:18",1,255.000
6,"Resources Machinery Sdn Bhd",2088,"Safety Worker - Flash","EU 39 / UK 5",84.000,"2020-08-28 10:30:18",1,84.000
784,"SHINMA TRADING COMPANY",2364,"PVC Nylon Hose","5/16"" 8mm x 12mm x 100M",75.000,"2020-08-28 10:16:37",1,75.000
784,"SHINMA TRADING COMPANY",2166,"DCA - Belt Sander 550w"," ",180.000,"2020-08-28 10:16:26",1,180.000
6,"Resources Machinery Sdn Bhd",2394,"Wheel Barrow (Wide)","(Orange Colour) Pneumatic Wheel",62.000,"2020-08-28 10:12:50",1,62.000
784,"SHINMA TRADING COMPANY",2236,"Jack Plane","7""",13.000,"2020-06-05 16:04:31",2,26.000
784,"SHINMA TRADING COMPANY",2156,"Kusama - 28mm Rotary Hammer 800w (H26F-3)"," ",160.000,"2020-06-05 16:04:31",1,160.000
6,"Resources Machinery Sdn Bhd",2059,"Xtraseal - Bitumen Flashing Tape BT-330","2"" x 10m  / pc",16.150,"2020-05-28 15:44:10",12,193.800
6,"Resources Machinery Sdn Bhd",2059,"Xtraseal - Bitumen Flashing Tape BT-330","3"" x 10m  / pc",25.000,"2020-05-28 15:44:10",12,300.000
6,"Resources Machinery Sdn Bhd",2059,"Xtraseal - Bitumen Flashing Tape BT-330","4"" x 10m  / pc",34.000,"2020-05-28 15:44:10",12,408.000
6,"Resources Machinery Sdn Bhd",2023,"Evacut - HSS Jobber Drill (BLACK)","1.0mm  / pc",4.345,"2020-05-28 15:44:10",1,4.345
6,"Resources Machinery Sdn Bhd",2091,"Safety Worker - Avvio ll","EU 38 / UK 4",90.000,"2020-05-28 10:26:31",3,270.000
6,"Resources Machinery Sdn Bhd",2091,"Safety Worker - Avvio ll","EU 39 / UK 5",90.000,"2020-05-28 10:26:31",3,270.000
6,"Resources Machinery Sdn Bhd",2091,"Safety Worker - Avvio ll","EU 40 / UK 6",90.000,"2020-05-28 10:26:31",3,270.000
6,"Resources Machinery Sdn Bhd",2088,"Safety Worker - Flash","EU 39 / UK 5",85.000,"2020-05-28 10:26:31",1,85.000
784,"SHINMA TRADING COMPANY",2356,"Kusama - Sickle 8 inches with wooden handle"," ",4.200,"2020-05-28 07:58:51",12,50.400
6,"Resources Machinery Sdn Bhd",2020,Talin,"4%22 x 3 x 16mm(A24S)",100.000,"2020-05-27 10:26:04",10,1000.000
4,customerB,2026,"EVACUT Cobalt Drill","9/64"" - 1 pc",22.600,"2020-05-27 10:26:01",1,22.600
6,"Resources Machinery Sdn Bhd",2017,"TAILIN Cut Off Wheel","16 inches x 3mm x 25.4mm (A30P) - 1 pc",12.000,"2020-05-27 10:25:58",200,2400.000
3,customerA,2033,"EVACUT Masonry Drill 160mm/400mm","22mm S.F. 7/8"" x 400mm",217.100,"2020-05-27 10:25:55",1,217.100
6,"Resources Machinery Sdn Bhd",2026,"EVACUT Cobalt Drill","8.0mm - 1 pc",38.555,"2020-05-27 10:25:51",10,385.550
6,"Resources Machinery Sdn Bhd",2026,"EVACUT Cobalt Drill","10.0mm - 1 pc",56.650,"2020-05-27 10:25:51",50,2832.500
6,"Resources Machinery Sdn Bhd",2032,"EVACUT sutton tools taper shank drill","16.5mm - 1 pc",110.000,"2020-05-27 10:25:48",13,1430.000
6,"Resources Machinery Sdn Bhd",2032,"EVACUT sutton tools taper shank drill","30.0mm - 1 pc",267.823,"2020-05-27 10:25:48",1,267.823
6,"Resources Machinery Sdn Bhd",2032,"EVACUT sutton tools taper shank drill","16.5mm - 1 pc",102.053,"2020-05-27 10:25:48",10,1020.530
6,"Resources Machinery Sdn Bhd",2023,"EVACUT HSS jobber drill","1.0mm - 1 pc",4.200,"2020-05-27 10:25:45",100,420.000
6,"Resources Machinery Sdn Bhd",2023,"EVACUT HSS jobber drill","2.5mm - 1 pc",4.235,"2020-05-27 10:25:45",1,4.235
3,customerA,2044,"EVACUT HSS Metric & Fractional Drill Set NO.4M (12 sizes) 1-6.5 x 0.5mm","4cm""",2.000,"2020-05-27 10:25:41",1,2.000
6,"Resources Machinery Sdn Bhd",2017,"TAILIN Cut Off Wheel","4 inches x 0.8mm x 9.53mm (A60T) - 1 pc",2.000,"2020-05-27 10:25:38",1,2.000
4,customerB,2044,"EVACUT HSS Metric & Fractional Drill Set NO.4M (12 sizes) 1-6.5 x 0.5mm",2,0.000,"2020-05-27 10:25:34",1,0.000
4,customerB,2044,"EVACUT HSS Metric & Fractional Drill Set NO.4M (12 sizes) 1-6.5 x 0.5mm","4"" x 3 x 16mm(A24S)",1.000,"2020-05-27 10:25:28",1,1.000
6,"Resources Machinery Sdn Bhd",2023,"EVACUT HSS jobber drill","4.0mm - 1 pc",4.600,"2020-05-27 10:25:24",6,27.600
6,"Resources Machinery Sdn Bhd",2023,"EVACUT HSS jobber drill","4.5mm - 1 pc",5.000,"2020-05-27 10:25:24",12,60.000
6,"Resources Machinery Sdn Bhd",2023,"EVACUT HSS jobber drill","5.0mm - 1 pc",7.000,"2020-05-27 10:25:24",24,168.000
3,customerA,2044,"EVACUT HSS Metric & Fractional Drill Set NO.4M (12 sizes) 1-6.5 x 0.5mm",1,1.000,"2020-05-27 10:25:21",1,1.000
6,"Resources Machinery Sdn Bhd",2026,"EVACUT Cobalt Drill","7/64"" - 1 pc",0.000,"2020-05-27 10:25:18",6,0.000
6,"Resources Machinery Sdn Bhd",2026,"EVACUT Cobalt Drill","1/8"" - 1 pc",0.000,"2020-05-27 10:25:18",12,0.000
6,"Resources Machinery Sdn Bhd",2026,"EVACUT Cobalt Drill","7/64"" - 1 pc",14.960,"2020-05-27 10:25:18",12,179.520
6,"Resources Machinery Sdn Bhd",2026,"EVACUT Cobalt Drill","1/8"" - 1 pc",11.220,"2020-05-27 10:25:18",6,67.320
6,"Resources Machinery Sdn Bhd",2026,"EVACUT Cobalt Drill","9/64"" - 1 pc",12.430,"2020-05-27 10:25:18",6,74.580
6,"Resources Machinery Sdn Bhd",2023,"EVACUT HSS jobber drill","1.0mm - 1 pc",0.000,"2020-05-27 10:25:14",3,0.000
6,"Resources Machinery Sdn Bhd",2023,"EVACUT HSS jobber drill","1.5mm - 1 pc",3.905,"2020-05-27 10:25:14",6,23.430
6,"Resources Machinery Sdn Bhd",2023,"EVACUT HSS jobber drill","2.0mm - 1 pc",4.235,"2020-05-27 10:25:14",6,25.410
6,"Resources Machinery Sdn Bhd",2023,"EVACUT HSS jobber drill","2.5mm - 1 pc",3.850,"2020-05-27 10:25:11",20,77.000
6,"Resources Machinery Sdn Bhd",2023,"EVACUT HSS jobber drill","2.0mm - 1 pc",3.850,"2020-05-27 10:25:11",12,46.200
6,"Resources Machinery Sdn Bhd",2023,"EVACUT HSS jobber drill","1.5mm - 1 pc",3.905,"2020-05-27 10:25:11",6,23.430
6,"Resources Machinery Sdn Bhd",2023,"EVACUT HSS jobber drill","1.0mm - 1 pc",4.345,"2020-05-27 10:25:11",6,26.070
6,"Resources Machinery Sdn Bhd",2027,"EVACUT HSS Metric & Fractional Drill Set E2M (19 sizes) 1-10 x 0.5mm","E2M (19 sizes) 1-10 x 0.5mm",183.300,"2020-05-27 10:25:07",12,2199.600
6,"Resources Machinery Sdn Bhd",2017,"TAILIN Cut Off Wheel","16 inches x 3mm x 25.4mm (A30P) - 1 pc",8.400,"2020-05-27 10:25:07",12,100.800
6,"Resources Machinery Sdn Bhd",2017,"TAILIN Cut Off Wheel","14 inches x 3mm (WA30R) S.S. - 1 pc",6.000,"2020-05-27 10:25:07",30,180.000
6,"Resources Machinery Sdn Bhd",2017,"TAILIN Cut Off Wheel","7 inches x 3mm (WA30R) S.S. - 1 pc",3.640,"2020-05-27 10:25:07",30,109.200
6,"Resources Machinery Sdn Bhd",2017,"TAILIN Cut Off Wheel","7 inches x 3mm x 22mm (A30R) - 1 pc",1.880,"2020-05-27 10:25:07",100,188.000
6,"Resources Machinery Sdn Bhd",2023,"EVACUT HSS jobber drill","10.0mm - 1 pc",27.440,"2020-05-27 10:25:01",12,329.280
6,"Resources Machinery Sdn Bhd",2023,"EVACUT HSS jobber drill","9.5mm - 1 pc",16.300,"2020-05-27 10:25:01",12,195.600
6,"Resources Machinery Sdn Bhd",2023,"EVACUT HSS jobber drill","9.0mm - 1 pc",12.600,"2020-05-27 10:25:01",20,252.000
6,"Resources Machinery Sdn Bhd",2025,"EVACUT Masonry Drill","5.0mm (3/16"") - 1 pc",7.740,"2020-05-27 10:25:01",1,7.740
6,"Resources Machinery Sdn Bhd",2025,"EVACUT Masonry Drill","4.0mm (5/32"") - 1 pc",8.740,"2020-05-27 10:25:01",1,8.740
6,"Resources Machinery Sdn Bhd",2025,"EVACUT Masonry Drill","3.5mm (1/8"") - 1 pc",11.446,"2020-05-27 10:25:01",1,11.446
6,"Resources Machinery Sdn Bhd",2021,"TAILIN Flexible Grinding Wheel","4 inches x 2mm (WA80) S.S. - 1 pc",1.000,"2020-05-27 10:25:01",12,12.000
6,"Resources Machinery Sdn Bhd",2021,"TAILIN Flexible Grinding Wheel","7 inches x 2mm (AC80) - 1 pc",2.800,"2020-05-27 10:25:01",6,16.800
6,"Resources Machinery Sdn Bhd",2056,"Xtraseal - Instant Putty Filler","0.5 kg (White)  / pc",3.000,"2020-05-27 10:23:54",12,36.000
6,"Resources Machinery Sdn Bhd",2056,"Xtraseal - Instant Putty Filler","1.5 kg (White)  / pc",7.030,"2020-05-27 10:23:54",6,42.180
6,"Resources Machinery Sdn Bhd",2056,"Xtraseal - Instant Putty Filler","5.0 kg (White)  / pc",19.000,"2020-05-27 10:23:54",3,57.000
6,"Resources Machinery Sdn Bhd",2061,"Xtraseal - PVC Pipe Adhesive PS-200","100gm  / pc",2.600,"2020-05-27 10:23:54",60,156.000
6,"Resources Machinery Sdn Bhd",2061,"Xtraseal - PVC Pipe Adhesive PS-200","500gm  / pc",7.500,"2020-05-27 10:23:54",24,180.000
6,"Resources Machinery Sdn Bhd",2017,"Tailin - Cut Off Wheel","14 inches x 3mm (WA30R) S.S.  / pc",11.200,"2020-05-27 10:23:54",50,560.000
6,"Resources Machinery Sdn Bhd",2054,"Evacut - HSS Jobber Drill (SILVER)","1.0mm  / pc",3.950,"2020-05-27 10:23:54",10,39.500
6,"Resources Machinery Sdn Bhd",2170,"Kusama - Electric Drill 450w"," ",76.000,"2020-05-27 10:19:28",1,76.000
6,"Resources Machinery Sdn Bhd",2152,"Kusama - 100mm Angle Grinder 710w (G1003)"," ",84.000,"2020-05-27 10:17:04",1,84.000
6,"Resources Machinery Sdn Bhd",2391,"Hose Reel with Hose (unwinding)","SX-9000-15 (15m)",265.000,"2020-05-21 14:32:06",1,265.000
6,"Resources Machinery Sdn Bhd",2075,"Globe - Brass Padlock - Key Alike ","HL4055 50mm x 4  / set",55.000,"2020-05-21 14:28:59",1,55.000
6,"Resources Machinery Sdn Bhd",2067,"Tricircle - Europe Type Brass Padlock","2650s (50mm) (60 pcs/ctn)",13.000,"2020-05-21 14:26:22",60,780.000
6,"Resources Machinery Sdn Bhd",2067,"Tricircle - Europe Type Brass Padlock","2650s (50mm) (6 pcs/box)",13.500,"2020-05-21 14:26:22",6,81.000
6,"Resources Machinery Sdn Bhd",2384,"Kusama - Floor Jack (Low Profile)"," 3 Ton",420.000,"2020-05-21 14:23:42",1,420.000
6,"Resources Machinery Sdn Bhd",2070,"Opel - Oval Brass Padlock","TY40 (40mm)  / pc",10.000,"2020-04-30 14:57:11",6,60.000
6,"Resources Machinery Sdn Bhd",2093,"Safety Worker - Laufen ll","EU 38 / UK 4",61.750,"2020-04-30 14:57:11",3,185.250
6,"Resources Machinery Sdn Bhd",2093,"Safety Worker - Laufen ll","EU 39 / UK 5",61.750,"2020-04-30 14:57:11",3,185.250
6,"Resources Machinery Sdn Bhd",2048,"Xtraseal - SA-107 All Purpose Acetic Silicone","280g (CLEAR)  / pc",6.200,"2020-04-30 13:16:08",10,62.000
6,"Resources Machinery Sdn Bhd",2048,"Xtraseal - SA-107 All Purpose Acetic Silicone","280g (WHITE)  / pc",5.985,"2020-04-30 13:16:08",12,71.820
6,"Resources Machinery Sdn Bhd",2067,"Tricircle - Europe Type Brass Padlock","2650s (50mm)  / pc",14.200,"2019-09-06 10:08:16",100,1420.000
6,"Resources Machinery Sdn Bhd",2067,"Tricircle - Europe Type Brass Padlock","2660s (60mm)  / pc",20.500,"2019-09-06 10:08:16",100,2050.000
6,"Resources Machinery Sdn Bhd",2054,"Evacut - HSS Jobber Drill (SILVER)","1.0mm  / pc",4.345,"2019-09-06 10:00:20",6,26.070
6,"Resources Machinery Sdn Bhd",2054,"Evacut - HSS Jobber Drill (SILVER)","1.5mm  / pc",3.905,"2019-09-06 10:00:20",6,23.430
6,"Resources Machinery Sdn Bhd",2054,"Evacut - HSS Jobber Drill (SILVER)","1/8""  / pc",3.850,"2019-09-06 10:00:20",3,11.550
6,"Resources Machinery Sdn Bhd",2090,"Safety Worker - Zip","EU 42 / UK 8",63.000,"2019-09-06 10:00:20",3,189.000
6,"Resources Machinery Sdn Bhd",2090,"Safety Worker - Zip","EU 41 / UK 7",63.000,"2019-09-06 10:00:20",3,189.000
6,"Resources Machinery Sdn Bhd",2091,"Safety Worker - Avvio ll","EU 40 / UK 6",81.000,"2019-09-02 16:15:38",6,486.000
6,"Resources Machinery Sdn Bhd",2091,"Safety Worker - Avvio ll","EU 41 / UK 7",80.000,"2019-09-02 16:15:38",6,480.000
6,"Resources Machinery Sdn Bhd",2091,"Safety Worker - Avvio ll","EU 42 / UK 8",90.000,"2019-09-02 16:15:38",3,270.000
6,"Resources Machinery Sdn Bhd",2088,"Safety Worker - Flash","EU 39 / UK 5",76.000,"2019-09-02 16:15:38",3,228.000
6,"Resources Machinery Sdn Bhd",2088,"Safety Worker - Flash","EU 40 / UK 6",76.000,"2019-09-02 16:15:38",3,228.000
6,"Resources Machinery Sdn Bhd",2025,"Evacut Masonry Drill","6.0mm - 1 pc",5.115,"2019-09-02 16:15:38",3,15.345
6,"Resources Machinery Sdn Bhd",2025,"Evacut Masonry Drill","6.5mm (1/4"") - 1 pc",6.510,"2019-09-02 16:15:38",3,19.530
6,"Resources Machinery Sdn Bhd",2023,"Evacut HSS jobber drill","1.0mm - 1 pc",7.900,"2019-08-28 13:08:52",10,79.000
6,"Resources Machinery Sdn Bhd",2023,"Evacut HSS jobber drill","1.5mm - 1 pc",0.000,"2019-08-28 13:08:52",12,0.000
6,"Resources Machinery Sdn Bhd",2047,"Evacut Hand/Power Hacksaw Blades","12"" x 1/2"" x 18T All Hard (1 pc)",4.950,"2019-08-22 14:06:52",10,49.500
6,"Resources Machinery Sdn Bhd",2047,"Evacut Hand/Power Hacksaw Blades","14"" x 1"" x 10T All Hard (1 pc)",27.060,"2019-08-22 14:06:52",10,270.600
6,"Resources Machinery Sdn Bhd",2047,"Evacut Hand/Power Hacksaw Blades","14"" x 1"" x 14T All Hard (1 pc)",27.060,"2019-08-22 14:06:52",10,270.600
6,"Resources Machinery Sdn Bhd",2047,"Evacut Hand/Power Hacksaw Blades","16"" x 1-1/4"" x 6T (1 pc)",38.940,"2019-08-22 14:06:52",10,389.400
6,"Resources Machinery Sdn Bhd",2047,"Evacut Hand/Power Hacksaw Blades","16"" x 1-1/4"" x 10T (1 pc)",38.940,"2019-08-22 14:06:52",10,389.400
6,"Resources Machinery Sdn Bhd",2047,"Evacut Hand/Power Hacksaw Blades","18"" x 1-1/2"" x 6T All Hard (1 pc)",56.760,"2019-08-22 14:06:52",10,567.600
6,"Resources Machinery Sdn Bhd",2047,"Evacut Hand/Power Hacksaw Blades","18"" x 1-1/2"" x 10T All Hard (1 pc)",56.760,"2019-08-22 14:06:52",10,567.600
6,"Resources Machinery Sdn Bhd",2022,"TAILIN Flap Disc Wheel","4 inches x 16mm (Z100) - 1 pc",4.950,"2019-08-20 15:46:12",30,148.500
6,"Resources Machinery Sdn Bhd",2019,"TAILIN Offset Grinding Wheel","7 inches x 6mm x 22mm (A24S) - 1 pc",3.680,"2019-08-20 15:46:12",24,88.320
6,"Resources Machinery Sdn Bhd",2023,"EVACUT HSS jobber drill","1/2"" - 1 pc",40.530,"2019-08-20 15:46:12",18,729.540
6,"Resources Machinery Sdn Bhd",2023,"EVACUT HSS jobber drill","31/64"" - 1 pc",33.060,"2019-08-20 15:46:12",3,99.180
6,"Resources Machinery Sdn Bhd",2023,"EVACUT HSS jobber drill","15/32"" - 1 pc",35.230,"2019-08-20 15:46:12",100,3523.000
6,"Resources Machinery Sdn Bhd",2025,"EVACUT Masonry Drill","6.5mm (1/4"") - 1 pc",4.185,"2019-08-20 15:46:12",12,50.220
6,"Resources Machinery Sdn Bhd",2025,"EVACUT Masonry Drill","7.0mm (9/32"") - 1 pc",2.280,"2019-08-20 15:46:12",3,6.840
6,"Resources Machinery Sdn Bhd",2025,"EVACUT Masonry Drill","8.0mm (5/16"") - 1 pc",1.230,"2019-08-20 15:46:12",6,7.380
1,"Jonathan Sdn Bhd",2044,"EVACUT HSS Metric & Fractional Drill Set NO.4M (12 sizes) 1-6.5 x 0.5mm",1,0.990,"2019-08-20 15:27:31",20,19.800
1,"Jonathan Sdn Bhd",2044,"EVACUT HSS Metric & Fractional Drill Set NO.4M (12 sizes) 1-6.5 x 0.5mm",2,0.500,"2019-08-20 15:27:31",10,5.000
6,"Resources Machinery Sdn Bhd",2026,"EVACUT Cobalt Drill","7/64"" - 1 pc",13.600,"2019-08-20 14:39:04",100,1360.000
6,"Resources Machinery Sdn Bhd",2025,"EVACUT Masonry Drill","4.0mm (5/32"") - 1 pc",3.680,"2019-08-20 14:35:57",10,36.800
6,"Resources Machinery Sdn Bhd",2025,"EVACUT Masonry Drill","3.5mm (1/8"") - 1 pc",5.900,"2019-08-20 14:32:35",10,59.000
3,customerA,2044,"EVACUT HSS Metric & Fractional Drill Set NO.4M (12 sizes) 1-6.5 x 0.5mm","4cm""",0.000,"2019-08-20 14:20:08",1,0.000
6,"Resources Machinery Sdn Bhd",2019,"TAILIN Offset Grinding Wheel","7 inches x 6mm x 22mm (A24S) - 1 pc",999.000,"2019-08-14 16:09:49",12,11988.000
3,customerA,2030,"EVACUT HSS Metric & Fractional Drill Set NO.4 (13 sizes) 1/16 - 1/4 inches","NO.4 (13 sizes) 1/16 - 1/4 inches",100.000,"2019-08-14 16:00:31",12,1200.000
6,"Resources Machinery Sdn Bhd",2023,"EVACUT HSS jobber drill","15/32"" - 1 pc",29.810,"2019-08-14 15:57:56",100,2981.000
6,"Resources Machinery Sdn Bhd",2033,"EVACUT Masonry Drill 160mm/400mm","22mm S.F. 7/8""  x 160mm",32.000,"2019-08-14 15:57:40",1,32.000
6,"Resources Machinery Sdn Bhd",2033,"EVACUT Masonry Drill 160mm/400mm","22mm S.F. 7/8"" x 400mm",108.550,"2019-08-14 15:57:40",1,108.550
6,"Resources Machinery Sdn Bhd",2033,"EVACUT Masonry Drill 160mm/400mm","26mm S.F. 1"" x 160mm",37.950,"2019-08-14 15:57:40",1,37.950
6,"Resources Machinery Sdn Bhd",2033,"EVACUT Masonry Drill 160mm/400mm","26mm S.F. 1"" x 400mm",182.400,"2019-08-14 15:57:40",1,182.400
6,"Resources Machinery Sdn Bhd",2026,"EVACUT Cobalt Drill","7/64"" - 1 pc",14.960,"2019-08-14 15:56:53",4,59.840
6,"Resources Machinery Sdn Bhd",2026,"EVACUT Cobalt Drill","1/8"" - 1 pc",11.220,"2019-08-14 15:56:53",2,22.440
6,"Resources Machinery Sdn Bhd",2026,"EVACUT Cobalt Drill","9/64"" - 1 pc",12.430,"2019-08-14 15:56:53",6,74.580
6,"Resources Machinery Sdn Bhd",2026,"EVACUT Cobalt Drill","5/32"" - 1 pc",12.623,"2019-08-14 15:56:53",12,151.476
6,"Resources Machinery Sdn Bhd",2026,"EVACUT Cobalt Drill","11/64"" - 1 pc",15.373,"2019-08-14 15:56:53",24,368.952
4,customerB,2044,"EVACUT HSS Metric & Fractional Drill Set NO.4M (12 sizes) 1-6.5 x 0.5mm",1,0.990,"2019-08-06 09:14:33",1,0.990
1,"Jonathan Sdn Bhd",2044,"EVACUT HSS Metric & Fractional Drill Set NO.4M (12 sizes) 1-6.5 x 0.5mm",1,0.990,"2019-07-23 10:06:22",1,0.990
1,"Jonathan Sdn Bhd",2044,"EVACUT HSS Metric & Fractional Drill Set NO.4M (12 sizes) 1-6.5 x 0.5mm",2,0.990,"2019-07-23 10:06:22",1,0.990
1,"Jonathan Sdn Bhd",2044,"EVACUT HSS Metric & Fractional Drill Set NO.4M (12 sizes) 1-6.5 x 0.5mm","4"" x 6mm x 16mm(A24S) Red",1.000,"2019-07-23 10:06:22",1,1.000
6,"Resources Machinery Sdn Bhd",2017,"TAILIN Cut Off Wheel","16 inches x 3mm x 25.4mm (A30P) - 1 pc",13.000,"2019-07-17 14:26:32",100,1300.000
6,"Resources Machinery Sdn Bhd",2017,"TAILIN Cut Off Wheel","7 inches x 3mm x 22mm (A30R) - 1 pc",5.500,"2019-07-17 14:26:32",50,275.000
6,"Resources Machinery Sdn Bhd",2017,"TAILIN Cut Off Wheel","4 inches x 0.8mm x 9.53mm (A60T) - 1 pc",3.500,"2019-07-17 14:26:32",10,35.000
6,"Resources Machinery Sdn Bhd",2030,"EVACUT HSS Metric & Fractional Drill Set NO.4 (13 sizes) 1/16 - 1/4 inches","NO.4 (13 sizes) 1/16 - 1/4 inches",60.500,"2019-07-17 14:26:32",5,302.500
6,"Resources Machinery Sdn Bhd",2025,"EVACUT Masonry Drill","5.5mm - 1 pc",5.000,"2019-07-17 14:26:32",50,250.000
6,"Resources Machinery Sdn Bhd",2025,"EVACUT Masonry Drill","6.5mm (1/4"") - 1 pc",9.000,"2019-07-17 14:26:32",500,4500.000
6,"Resources Machinery Sdn Bhd",2025,"EVACUT Masonry Drill","10.0mm (3/8"") - 1 pc",13.000,"2019-07-17 14:26:32",100,1300.000
6,"Resources Machinery Sdn Bhd",2017,"TAILIN Cut Off Wheel","4 inches x 0.8mm x 9.53mm (A60T) - 1 pc",30.000,"2019-07-17 14:03:05",100,3000.000
6,"Resources Machinery Sdn Bhd",2017,"TAILIN Cut Off Wheel","4 inches x 1mm x 9.53mm (AA45T) - 1 pc",10.000,"2019-07-17 14:03:05",979,9790.000
6,"Resources Machinery Sdn Bhd",2017,"TAILIN Cut Off Wheel","4 inches x 2mm x 9.53mm (A46T) - 1 pc",2.500,"2019-07-17 14:03:05",484,1210.000
6,"Resources Machinery Sdn Bhd",2017,"TAILIN Cut Off Wheel","4 inches x 0.8mm x 9.53mm (A60T) - 1 pc",1.500,"2019-07-17 09:35:02",100,150.000
6,"Resources Machinery Sdn Bhd",2017,"TAILIN Cut Off Wheel","14 inches x 3mm x 25.4mm (A30P) - 1 pc",10.500,"2019-07-17 09:35:02",25,262.500
3,customerA,2033,"EVACUT Masonry Drill 160mm/400mm","22mm S.F. 7/8""  x 160mm",64.000,"2019-07-17 09:27:39",1,64.000
1,"Jonathan Sdn Bhd",2033,"EVACUT Masonry Drill 160mm/400mm","22mm S.F. 7/8%22  x 160mm",35.200,"2019-07-16 13:52:48",1,35.200
1,"Jonathan Sdn Bhd",2033,"EVACUT Masonry Drill 160mm/400mm","22mm S.F. 7/8%22 x 400mm",119.405,"2019-07-16 13:52:48",1,119.405
